total_points,name,position,team,xP,assists,bonus,bps,clean_sheets,creativity,id,expected_assists,expected_goal_involvements,expected_goals,expected_goals_conceded,fixture,goals_conceded,goals_scored,ict_index,influence,kickoff_time,minutes,opponent_team,own_goals,penalties_missed,penalties_saved,red_cards,round,saves,selected,starts,team_a_score,team_h_score,threat,transfers_balance,transfers_in,transfers_out,cost,was_home,yellow_cards,GW,season,home_team_code,home_team_draw,home_team_form,home_team_loss,home_team_played,home_team_points,home_team_position,home_team_short_name,home_team_strength,home_team_team_division,home_team_unavailable,home_team_win,home_team_strength_overall_home,home_team_strength_overall_away,home_team_strength_attack_home,home_team_strength_attack_away,home_team_strength_defence_home,home_team_strength_defence_away,home_team_pulse_id,away_team_code,away_team_draw,away_team_form,away_team_loss,away_team_played,away_team_points,away_team_position,away_team_short_name,away_team_strength,away_team_team_division,away_team_unavailable,away_team_win,away_team_strength_overall_home,away_team_strength_overall_away,away_team_strength_attack_home,away_team_strength_attack_away,away_team_strength_defence_home,away_team_strength_defence_away,away_team_pulse_id,season_assists,season_bonus,season_bps,season_chance_of_playing_next_round,season_chance_of_playing_this_round,season_clean_sheets,season_clean_sheets_per_90,season_code,season_corners_and_indirect_freekicks_order,season_corners_and_indirect_freekicks_text,season_cost_change_event,season_cost_change_event_fall,season_cost_change_start,season_cost_change_start_fall,season_creativity,season_creativity_rank,season_creativity_rank_type,season_direct_freekicks_order,season_direct_freekicks_text,season_dreamteam_count,season_element_type,season_ep_next,season_ep_this,season_event_points,season_expected_assists,season_expected_assists_per_90,season_expected_goal_involvements,season_expected_goal_involvements_per_90,season_expected_goals,season_expected_goals_conceded,season_expected_goals_conceded_per_90,season_expected_goals_per_90,season_first_name,season_form,season_form_rank,season_form_rank_type,season_goals_conceded,season_goals_conceded_per_90,season_goals_scored,season_ict_index,season_ict_index_rank,season_ict_index_rank_type,season_id,season_in_dreamteam,season_influence,season_influence_rank,season_influence_rank_type,season_minutes,season_news,season_news_added,season_now_cost,season_now_cost_rank,season_now_cost_rank_type,season_own_goals,season_penalties_missed,season_penalties_order,season_penalties_saved,season_penalties_text,season_photo,season_points_per_game,season_points_per_game_rank,season_points_per_game_rank_type,season_red_cards,season_saves,season_saves_per_90,season_second_name,season_selected_by_percent,season_selected_rank,season_selected_rank_type,season_special,season_squad_number,season_starts,season_starts_per_90,season_status,season_team,season_team_code,season_threat,season_threat_rank,season_threat_rank_type,season_total_points,season_transfers_in,season_transfers_in_event,season_transfers_out,season_transfers_out_event,season_value_form,season_value_season,season_web_name,season_yellow_cards,expected_points
1,Tommy Doyle,MID,20,1.3,0,0,4,0,0.1,351,0.0,0.0,0.0,0.2,120,0,0,0.7,6.6,2023-11-11 12:30:00+00:00,3,18,0,0,0,0,12,0,5452,0,1,2,0.0,104,636,532,44,1,0,12,2023-24,39,0,,0,0,0,0,WOL,3,,False,0,1100,1100,1085,1105,1115,1100,38,6,0,,0,0,0,0,TOT,4,,False,0,1170,1230,1110,1150,1230,1310,21,0,0,197,100.0,100.0,3,0.22,220394,2.0,,0,0,-1,1,173.7,227,138,4.0,,0,3,0.3,0.0,1,0.87,0.06,1.29,0.09,0.42,22.22,1.65,0.03,,0.5,299,141,24,1.79,0,42.7,322,151,351,False,198.4,318,133,1209,,,44,553,322,0,0,,0,,,1.5,403,178,0,0,0.0,,0.1,519,172,False,,11,0.82,,20,39,55.0,343,176,38,14980,0,13710,0,0.1,8.6,,2,1.5588129758834839
9,Brennan Johnson,MID,18,4.3,0,1,26,1,4.3,450,0.02,0.43,0.41,1.11,120,0,1,7.5,32.2,2023-11-11 12:30:00+00:00,74,20,0,0,0,0,12,0,36996,1,1,2,38.0,9507,10628,1121,58,0,0,12,2023-24,6,0,,0,0,0,0,TOT,4,,False,0,1170,1230,1110,1150,1230,1310,21,39,0,,0,0,0,0,WOL,3,,False,0,1100,1100,1085,1105,1115,1100,38,12,9,397,100.0,100.0,5,0.19,242898,,,0,0,-2,2,624.3,47,41,,,1,3,4.0,4.5,6,4.3,0.17,14.65,0.57,10.36,43.97,1.71,0.4,,3.5,85,40,42,1.63,5,196.3,41,30,450,False,554.4,108,42,2317,,,58,79,49,0,0,,0,,,3.7,70,38,0,0,0.0,,2.0,141,40,False,,26,1.01,,18,6,782.0,27,14,131,485777,0,344258,0,0.6,22.6,,3,4.893767356872559
0,Brandon Austin,GK,18,0.0,0,0,0,0,0.0,491,0.0,0.0,0.0,0.0,120,0,0,0.0,0.0,2023-11-11 12:30:00+00:00,0,20,0,0,0,0,12,0,20788,0,1,2,0.0,154,580,426,39,0,0,12,2023-24,6,0,,0,0,0,0,TOT,4,,False,0,1170,1230,1110,1150,1230,1310,21,39,0,,0,0,0,0,WOL,3,,False,0,1100,1100,1085,1105,1115,1100,38,0,0,0,,,0,0.0,214572,,,0,0,-1,1,0.0,557,41,,,0,1,1.0,1.0,0,0.0,0.0,0.0,0.0,0.0,0.0,0.0,0.0,,0.0,430,47,0,0.0,0,0.0,575,55,491,False,0.0,569,55,0,,,39,828,85,0,0,,0,,,0.0,584,55,0,0,0.0,,0.2,346,49,False,,0,0.0,,18,6,0.0,514,24,0,11438,0,18351,0,0.0,0.0,,0,-0.37895044684410095
0,Rodrigo Bentancur,MID,18,0.7,0,0,1,0,11.5,492,0.01,0.01,0.0,1.08,120,2,0,2.1,9.2,2023-11-11 12:30:00+00:00,27,20,0,0,0,0,12,0,2646,0,1,2,0.0,1071,1254,183,54,0,1,12,2023-24,6,0,,0,0,0,0,TOT,4,,False,0,1170,1230,1110,1150,1230,1310,21,39,0,,0,0,0,0,WOL,3,,False,0,1100,1100,1085,1105,1115,1100,38,1,0,153,100.0,100.0,1,0.09,202993,,,0,0,-1,1,174.9,225,137,,,0,3,2.0,2.3,3,1.05,0.09,3.06,0.27,2.01,19.98,1.8,0.18,,1.3,214,104,25,2.26,1,52.1,286,136,492,False,193.0,326,136,997,,,54,114,67,0,0,,0,,,1.4,421,187,0,0,0.0,,0.0,542,184,False,,13,1.17,,18,6,156.0,215,118,32,11509,0,9824,0,0.2,5.9,,7,1.036328673362732
2,Yves Bissouma,MID,18,2.3,0,0,11,1,2.3,493,0.01,0.01,0.0,1.11,120,0,0,1.8,16.0,2023-11-11 12:30:00+00:00,75,20,0,0,0,0,12,0,47808,1,1,2,0.0,-19,2400,2419,50,0,1,12,2023-24,6,0,,0,0,0,0,TOT,4,,False,0,1170,1230,1110,1150,1230,1310,21,39,0,,0,0,0,0,WOL,3,,False,0,1100,1100,1085,1105,1115,1100,38,0,0,315,0.0,0.0,7,0.3,227127,,,0,0,0,0,279.4,151,101,4.0,,0,3,0.0,0.0,0,1.67,0.07,2.85,0.12,1.18,41.3,1.8,0.05,,1.0,255,121,35,1.52,0,82.3,200,103,493,False,403.0,187,82,2070,,,50,200,121,0,0,,0,,,1.6,395,174,2,0,0.0,,0.3,295,94,False,,26,1.13,,18,6,140.0,229,125,44,86881,0,99325,0,0.2,8.8,,8,2.2185158729553223
1,Bryan Gil Salvatierra,MID,18,0.7,0,0,2,0,1.7,494,0.0,0.0,0.0,1.04,120,2,0,0.2,0.0,2023-11-11 12:30:00+00:00,15,20,0,0,0,0,12,0,874,0,1,2,0.0,38,106,68,49,0,0,12,2023-24,6,0,,0,0,0,0,TOT,4,,False,0,1170,1230,1110,1150,1230,1310,21,39,0,,0,0,0,0,WOL,3,,False,0,1100,1100,1085,1105,1115,1100,38,0,0,41,100.0,100.0,0,0.0,436234,,,0,0,-1,1,70.1,344,185,,,0,3,1.2,1.2,0,0.24,0.11,0.91,0.41,0.67,7.19,3.24,0.3,,0.2,385,177,11,4.95,0,15.9,427,194,494,False,28.6,470,207,200,,,49,253,160,0,0,,0,,,1.1,451,206,0,0,0.0,,0.0,670,256,False,,2,0.9,,18,6,59.0,339,173,12,2073,0,2086,0,0.0,2.4,,0,0.4405996799468994
1,Ben Davies,DEF,18,0.7,0,0,19,0,0.8,495,0.01,0.07,0.06,2.15,120,2,0,4.6,41.0,2023-11-11 12:30:00+00:00,90,20,0,0,0,0,12,0,42456,1,1,2,4.0,-1429,1176,2605,43,0,0,12,2023-24,6,0,,0,0,0,0,TOT,4,,False,0,1170,1230,1110,1150,1230,1310,21,39,0,,0,0,0,0,WOL,3,,False,0,1100,1100,1085,1105,1115,1100,38,2,0,216,0.0,0.0,1,0.08,115556,,,0,0,-2,2,81.0,334,112,,,0,2,0.0,0.0,0,0.57,0.05,2.91,0.24,2.34,22.43,1.86,0.19,,0.5,296,98,21,1.74,1,50.3,291,96,495,False,294.8,265,101,1085,,,43,619,127,0,0,,0,,,2.0,304,101,0,0,0.0,,0.4,279,113,False,,12,1.0,,18,6,124.0,250,68,34,56951,0,102011,0,0.1,7.9,,2,0.8234919309616089
1,Eric Dier,DEF,18,0.0,0,0,15,0,0.5,496,0.0,0.0,0.0,2.15,120,2,0,2.8,27.2,2023-11-11 12:30:00+00:00,90,20,0,0,0,0,12,0,60809,1,1,2,0.0,7478,9253,1775,42,0,0,12,2023-24,6,0,,0,0,0,0,TOT,4,,False,0,1170,1230,1110,1150,1230,1310,21,39,0,,0,0,0,0,WOL,3,,False,0,1100,1100,1085,1105,1115,1100,38,0,0,31,0.0,0.0,0,0.0,93264,,,0,0,-3,3,1.0,499,185,,,0,2,0.0,0.0,0,0.03,0.01,0.03,0.01,0.0,7.04,3.18,0.0,,0.0,548,224,8,3.62,0,6.0,475,170,496,False,55.8,442,168,199,,,42,662,149,0,0,,0,,,0.5,560,186,0,0,0.0,,0.3,285,116,False,,1,0.45,,18,6,4.0,462,172,2,33518,0,109250,0,0.0,0.5,,0,1.8849170207977295
0,Emerson Leite de Souza Junior,DEF,18,0.3,0,0,13,0,6.0,497,0.02,0.02,0.0,2.15,120,2,0,2.9,21.0,2023-11-11 12:30:00+00:00,90,20,0,0,0,0,12,0,97139,1,1,2,2.0,4983,8163,3180,44,0,1,12,2023-24,6,0,,0,0,0,0,TOT,4,,False,0,1170,1230,1110,1150,1230,1310,21,39,0,,0,0,0,0,WOL,3,,False,0,1100,1100,1085,1105,1115,1100,38,0,4,233,,,0,0.0,241157,,,0,0,-2,2,119.5,279,84,,,0,2,1.0,1.2,1,0.86,0.07,1.08,0.09,0.22,28.71,2.24,0.02,,0.2,354,127,31,2.42,1,49.4,295,99,497,False,316.0,249,94,1152,,,43,642,141,0,0,,0,,,1.2,437,150,0,0,0.0,,0.8,214,85,False,,11,0.86,,18,6,55.0,342,112,27,180200,0,211090,0,0.0,6.3,,4,2.128331422805786
0,Fraser Forster,GK,18,0.0,0,0,0,0,0.0,498,0.0,0.0,0.0,0.0,120,0,0,0.0,0.0,2023-11-11 12:30:00+00:00,0,20,0,0,0,0,12,0,226923,0,1,2,0.0,-1502,2793,4295,39,0,0,12,2023-24,6,0,,0,0,0,0,TOT,4,,False,0,1170,1230,1110,1150,1230,1310,21,39,0,,0,0,0,0,WOL,3,,False,0,1100,1100,1085,1105,1115,1100,38,0,0,0,0.0,0.0,0,0.0,40383,,,0,0,-2,2,0.0,536,23,,,0,1,0.0,0.0,0,0.0,0.0,0.0,0.0,0.0,0.0,0.0,0.0,,0.0,405,31,0,0.0,0,0.0,559,42,498,False,0.0,553,42,0,,,38,853,96,0,0,,0,,,0.0,568,42,0,0,0.0,,1.6,162,23,False,,0,0.0,,18,6,0.0,490,6,0,89058,0,305450,0,0.0,0.0,,0,-0.3781921863555908
2,Pierre-Emile Højbjerg,MID,18,1.3,0,0,13,0,15.0,499,0.03,0.03,0.0,2.15,120,2,0,3.0,15.2,2023-11-11 12:30:00+00:00,90,20,0,0,0,0,12,0,28878,1,1,2,0.0,-72,1055,1127,52,0,0,12,2023-24,6,0,,0,0,0,0,TOT,4,,False,0,1170,1230,1110,1150,1230,1310,21,39,0,,0,0,0,0,WOL,3,,False,0,1100,1100,1085,1105,1115,1100,38,0,0,239,,,1,0.07,132015,,,0,0,-4,4,205.8,196,125,3.0,,0,3,1.8,1.8,1,1.57,0.11,2.24,0.16,0.68,26.52,1.85,0.05,,0.8,278,133,28,1.96,0,59.7,259,128,499,False,282.2,273,111,1289,,,51,161,98,1,0,,0,,,1.1,452,207,0,0,0.0,,0.3,310,98,False,,8,0.56,,18,6,108.0,268,142,39,22101,0,57611,0,0.2,7.6,,4,1.5384221076965332
0,Harry Kane,FWD,18,0.0,0,0,0,0,0.0,500,0.0,0.0,0.0,0.0,120,0,0,0.0,0.0,2023-11-11 12:30:00+00:00,0,20,0,0,0,0,12,0,64377,0,1,2,0.0,-348,0,348,125,0,0,12,2023-24,6,0,,0,0,0,0,TOT,4,,False,0,1170,1230,1110,1150,1230,1310,21,39,0,,0,0,0,0,WOL,3,,False,0,1100,1100,1085,1105,1115,1100,38,0,0,0,0.0,0.0,0,0.0,78830,,,0,0,0,0,0.0,865,113,,,0,4,0.0,0.0,0,0.0,0.0,0.0,0.0,0.0,0.0,0.0,0.0,,0.0,862,113,0,0.0,0,0.0,865,113,500,False,0.0,865,113,0,,,125,3,2,0,0,,0,,,0.0,865,113,0,0,0.0,,0.6,238,39,False,,0,0.0,,18,6,0.0,865,113,0,565,0,322193,0,0.0,0.0,,0,-0.6325938105583191
2,Dejan Kulusevski,MID,18,4.0,0,0,3,0,13.4,501,0.08,0.11,0.03,2.15,120,2,0,3.2,0.0,2023-11-11 12:30:00+00:00,90,20,0,0,0,0,12,0,201786,1,1,2,19.0,28173,39027,10854,70,0,0,12,2023-24,6,0,,0,0,0,0,TOT,4,,False,0,1170,1230,1110,1150,1230,1310,21,39,0,,0,0,0,0,WOL,3,,False,0,1100,1100,1085,1105,1115,1100,38,3,14,463,100.0,100.0,8,0.26,445044,3.0,,0,0,-3,3,950.4,17,13,,,3,3,2.6,5.0,16,6.37,0.21,11.31,0.37,4.95,49.32,1.61,0.16,,4.0,67,34,46,1.5,8,260.1,14,10,501,False,698.8,59,23,2759,,,67,40,24,0,0,,0,,,3.6,78,42,0,0,0.0,,2.1,132,38,False,,31,1.01,,18,6,953.0,17,10,130,1057724,0,1026020,0,0.6,19.4,,7,9.508944511413574
0,Hugo Lloris,GK,18,0.0,0,0,0,0,0.0,502,0.0,0.0,0.0,0.0,120,0,0,0.0,0.0,2023-11-11 12:30:00+00:00,0,20,0,0,0,0,12,0,62022,0,1,2,0.0,-693,915,1608,48,0,0,12,2023-24,6,0,,0,0,0,0,TOT,4,,False,0,1170,1230,1110,1150,1230,1310,21,39,0,,0,0,0,0,WOL,3,,False,0,1100,1100,1085,1105,1115,1100,38,0,0,0,0.0,0.0,0,0.0,37915,,,0,0,-3,3,0.0,820,95,,,0,1,0.0,0.0,0,0.0,0.0,0.0,0.0,0.0,0.0,0.0,0.0,,0.0,759,99,0,0.0,0,0.0,825,99,502,False,0.0,822,99,0,,,47,299,12,0,0,,0,,,0.0,825,99,0,0,0.0,,0.5,244,35,False,,0,0.0,,18,6,0.0,808,88,0,33336,0,79744,0,0.0,0.0,,0,-0.448350727558136
1,Giovani Lo Celso,MID,18,0.3,0,0,3,0,0.9,503,0.0,0.08,0.08,1.04,120,2,0,1.2,4.4,2023-11-11 12:30:00+00:00,15,20,0,0,0,0,12,0,4944,0,1,2,7.0,243,362,119,48,0,0,12,2023-24,6,0,,0,0,0,0,TOT,4,,False,0,1170,1230,1110,1150,1230,1310,21,39,0,,0,0,0,0,WOL,3,,False,0,1100,1100,1085,1105,1115,1100,38,2,6,189,75.0,75.0,1,0.18,200826,,,0,0,-2,2,262.8,161,105,,,1,3,1.5,1.4,0,1.79,0.33,2.33,0.43,0.54,12.46,2.28,0.1,,0.8,274,130,12,2.2,2,60.0,258,127,503,False,225.8,306,126,491,,,48,286,187,0,0,,0,,,2.1,293,121,0,0,0.0,,0.1,475,155,False,,4,0.73,,18,6,110.0,266,141,47,37847,0,46510,0,0.2,9.8,,2,0.29949939250946045
0,James Maddison,MID,18,0.0,0,0,0,0,0.0,504,0.0,0.0,0.0,0.0,120,0,0,0.0,0.0,2023-11-11 12:30:00+00:00,0,20,0,0,0,0,12,0,2230797,0,1,2,0.0,-1785017,44844,1829861,80,0,0,12,2023-24,6,0,,0,0,0,0,TOT,4,,False,0,1170,1230,1110,1150,1230,1310,21,39,0,,0,0,0,0,WOL,3,,False,0,1100,1100,1085,1105,1115,1100,38,11,9,495,100.0,100.0,7,0.29,172780,1.0,,0,0,3,-3,979.5,15,11,2.0,,0,3,3.0,3.7,6,6.21,0.26,12.74,0.54,6.53,32.54,1.37,0.28,,2.7,123,56,31,1.31,4,221.4,27,20,504,False,630.4,81,29,2137,,,78,16,10,0,0,2.0,0,,,4.2,44,28,0,0,0.0,,10.0,42,14,False,,26,1.09,,18,6,605.0,51,31,117,5687882,0,6048248,0,0.3,15.0,,5,4.580365180969238
0,Tanguy Ndombélé Alvaro,MID,18,0.0,0,0,0,0,0.0,505,0.0,0.0,0.0,0.0,120,0,0,0.0,0.0,2023-11-11 12:30:00+00:00,0,20,0,0,0,0,12,0,21847,0,1,2,0.0,-772,0,772,44,0,0,12,2023-24,6,0,,0,0,0,0,TOT,4,,False,0,1170,1230,1110,1150,1230,1310,21,39,0,,0,0,0,0,WOL,3,,False,0,1100,1100,1085,1105,1115,1100,38,0,0,0,0.0,0.0,0,0.0,231372,,,0,0,-1,1,0.0,700,265,,,0,3,0.0,0.0,0,0.0,0.0,0.0,0.0,0.0,0.0,0.0,0.0,,0.0,605,208,0,0.0,0,0.0,708,264,505,False,0.0,705,263,0,,,44,559,325,0,0,,0,,,0.0,719,273,0,0,0.0,,0.2,364,109,False,,0,0.0,,18,6,0.0,671,251,0,12864,0,51552,0,0.0,0.0,,0,0.10512149333953857
5,Pedro Porro,DEF,18,2.3,1,1,26,0,31.6,506,0.62,0.62,0.0,2.15,120,2,0,7.7,43.6,2023-11-11 12:30:00+00:00,90,20,0,0,0,0,12,0,1290641,1,1,2,2.0,28267,83974,55707,52,0,0,12,2023-24,6,0,,0,0,0,0,TOT,4,,False,0,1170,1230,1110,1150,1230,1310,21,39,0,,0,0,0,0,WOL,3,,False,0,1100,1100,1085,1105,1115,1100,38,8,20,720,100.0,100.0,7,0.2,441164,4.0,,0,0,9,-9,877.4,25,5,1.0,,2,2,3.4,5.3,14,6.18,0.18,9.1,0.27,2.92,58.42,1.7,0.09,,4.3,55,16,54,1.57,3,208.5,34,2,506,False,839.0,33,6,3090,,,59,71,6,0,0,,0,,,3.9,56,9,0,0,0.0,,22.4,12,4,False,,35,1.02,,18,6,365.0,108,6,136,6186173,0,4177481,0,0.7,23.1,,3,1.2630374431610107
0,Ivan Perišić,DEF,18,0.0,0,0,0,0,0.0,507,0.0,0.0,0.0,0.0,120,0,0,0.0,0.0,2023-11-11 12:30:00+00:00,0,20,0,0,0,0,12,0,90743,0,1,2,0.0,-2644,115,2759,47,0,0,12,2023-24,6,0,,0,0,0,0,TOT,4,,False,0,1170,1230,1110,1150,1230,1310,21,39,0,,0,0,0,0,WOL,3,,False,0,1100,1100,1085,1105,1115,1100,38,1,0,34,0.0,0.0,0,0.0,45034,,,0,0,-3,3,71.2,342,115,,,0,2,0.0,0.0,0,0.8,0.73,0.92,0.84,0.12,1.44,1.32,0.11,,0.0,760,266,1,0.92,0,14.0,439,158,507,False,41.6,455,171,98,,,47,300,33,0,0,,0,,,1.2,440,152,0,0,0.0,,0.7,217,86,False,,0,0.0,,18,6,27.0,406,147,6,58691,0,294736,0,0.0,1.3,,2,0.47877195477485657
0,Richarlison de Andrade,MID,18,0.0,0,0,0,0,0.0,509,0.0,0.0,0.0,0.0,120,0,0,0.0,0.0,2023-11-11 12:30:00+00:00,0,20,0,0,0,0,12,0,127991,0,1,2,0.0,-25741,1621,27362,67,0,0,12,2023-24,6,0,,0,0,0,0,TOT,4,,False,0,1170,1230,1110,1150,1230,1310,21,39,0,,0,0,0,0,WOL,3,,False,0,1100,1100,1085,1105,1115,1100,38,4,7,305,0.0,0.0,7,0.43,212319,,,0,0,-2,2,208.4,193,123,,,2,3,0.0,0.0,0,1.42,0.09,10.91,0.67,9.49,25.59,1.56,0.58,,2.0,179,80,18,1.09,11,152.1,78,52,509,False,560.6,105,40,1481,,,68,36,20,0,0,2.0,0,,,4.4,30,19,0,0,0.0,,2.5,120,36,False,,18,1.09,,18,6,758.0,29,15,122,2704455,0,2892229,0,0.3,17.9,,3,6.407341003417969
0,Joe Rodon,DEF,18,0.0,0,0,0,0,0.0,510,0.0,0.0,0.0,0.0,120,0,0,0.0,0.0,2023-11-11 12:30:00+00:00,0,20,0,0,0,0,12,0,7347,0,1,2,0.0,-204,0,204,40,0,0,12,2023-24,6,0,,0,0,0,0,TOT,4,,False,0,1170,1230,1110,1150,1230,1310,21,39,0,,0,0,0,0,WOL,3,,False,0,1100,1100,1085,1105,1115,1100,38,0,0,0,0.0,0.0,0,0.0,214225,,,0,0,0,0,0.0,590,212,,,0,2,0.0,0.0,0,0.0,0.0,0.0,0.0,0.0,0.0,0.0,0.0,,0.0,465,168,0,0.0,0,0.0,608,215,510,False,0.0,602,214,0,,,40,708,179,0,0,,0,,,0.0,617,212,0,0,0.0,,0.1,514,203,False,,0,0.0,,18,6,0.0,550,205,0,0,0,14860,0,0.0,0.0,,0,0.1212201714515686
0,Cristian Romero,DEF,18,0.0,0,0,0,0,0.0,511,0.0,0.0,0.0,0.0,120,0,0,0.0,0.0,2023-11-11 12:30:00+00:00,0,20,0,0,0,0,12,0,1398602,0,1,2,0.0,-544288,28618,572906,50,0,0,12,2023-24,6,0,,0,0,0,0,TOT,4,,False,0,1170,1230,1110,1150,1230,1310,21,39,0,,0,0,0,0,WOL,3,,False,0,1100,1100,1085,1105,1115,1100,38,0,15,591,100.0,100.0,7,0.23,221632,,,0,0,6,-6,161.9,238,66,,,1,2,3.0,3.7,6,1.41,0.05,4.66,0.15,3.25,52.55,1.7,0.1,,2.7,119,32,46,1.48,5,125.9,107,17,511,False,841.8,32,5,2790,,,51,163,20,1,0,,0,,,3.2,130,30,1,0,0.0,,12.2,32,12,False,,33,1.06,,18,6,252.0,147,15,107,3573480,0,2637715,0,0.5,21.0,,7,0.5514318943023682
0,Davinson Sánchez,DEF,18,0.0,0,0,0,0,0.0,512,0.0,0.0,0.0,0.0,120,0,0,0.0,0.0,2023-11-11 12:30:00+00:00,0,20,0,0,0,0,12,0,8586,0,1,2,0.0,-146,0,146,44,0,0,12,2023-24,6,0,,0,0,0,0,TOT,4,,False,0,1170,1230,1110,1150,1230,1310,21,39,0,,0,0,0,0,WOL,3,,False,0,1100,1100,1085,1105,1115,1100,38,0,0,9,0.0,0.0,0,0.0,173904,,,0,0,-1,1,5.0,468,172,,,0,2,0.0,0.0,0,0.03,0.04,0.15,0.18,0.12,2.02,2.39,0.14,,0.0,596,246,2,2.37,0,2.6,498,176,512,False,17.0,489,175,76,,,44,539,92,0,0,,0,,,0.0,712,268,0,0,0.0,,0.1,465,183,False,,0,0.0,,18,6,4.0,463,173,0,2363,0,15108,0,0.0,0.0,,1,0.48618245124816895
3,Pape Matar Sarr,MID,18,3.0,0,0,10,1,3.8,513,0.02,0.02,0.0,1.07,120,0,0,1.0,6.6,2023-11-11 12:30:00+00:00,62,20,0,0,0,0,12,0,343332,1,1,2,0.0,-3404,20769,24173,46,0,0,12,2023-24,6,0,,0,0,0,0,TOT,4,,False,0,1170,1230,1110,1150,1230,1310,21,39,0,,0,0,0,0,WOL,3,,False,0,1100,1100,1085,1105,1115,1100,38,3,4,397,100.0,100.0,9,0.39,482442,,,0,0,-1,1,373.3,109,78,,,0,3,2.2,2.5,3,2.09,0.09,5.26,0.23,3.17,34.83,1.52,0.14,,1.5,202,96,27,1.18,3,110.2,134,80,513,False,406.0,186,81,2063,,,44,581,338,0,0,,0,,,2.5,222,94,0,0,0.0,,1.6,160,48,False,,27,1.18,,18,6,317.0,127,83,86,717238,0,687336,0,0.3,19.5,,9,3.2304868698120117
0,Ryan Sessegnon,DEF,18,0.0,0,0,0,0,0.0,514,0.0,0.0,0.0,0.0,120,0,0,0.0,0.0,2023-11-11 12:30:00+00:00,0,20,0,0,0,0,12,0,619,0,1,2,0.0,-7,31,38,44,0,0,12,2023-24,6,0,,0,0,0,0,TOT,4,,False,0,1170,1230,1110,1150,1230,1310,21,39,0,,0,0,0,0,WOL,3,,False,0,1100,1100,1085,1105,1115,1100,38,0,0,0,0.0,0.0,0,0.0,184349,,,0,0,-1,1,0.0,694,270,,,0,2,0.0,0.0,0,0.0,0.0,0.0,0.0,0.0,0.0,0.0,0.0,,0.0,597,247,0,0.0,0,0.0,702,270,514,False,0.0,699,270,0,,,44,540,93,0,0,,0,,,0.0,713,269,0,0,0.0,,0.0,741,259,False,,0,0.0,,18,6,0.0,665,269,0,1099,0,1404,0,0.0,0.0,,0,0.48618245124816895
0,Oliver Skipp,MID,18,0.3,0,0,0,0,0.0,515,0.0,0.0,0.0,0.0,120,0,0,0.0,0.0,2023-11-11 12:30:00+00:00,0,20,0,0,0,0,12,0,9310,0,1,2,0.0,-193,241,434,46,0,0,12,2023-24,6,0,,0,0,0,0,TOT,4,,False,0,1170,1230,1110,1150,1230,1310,21,39,0,,0,0,0,0,WOL,3,,False,0,1100,1100,1085,1105,1115,1100,38,0,0,105,100.0,100.0,0,0.0,209042,,,0,0,-5,5,126.2,270,155,,,0,3,1.6,1.7,1,0.5,0.07,1.27,0.17,0.77,17.25,2.25,0.1,,0.7,287,137,17,2.21,0,28.1,375,167,515,False,92.0,400,169,691,,,45,377,229,0,0,,0,,,1.0,485,217,0,0,0.0,,0.1,446,142,False,,5,0.65,,18,6,65.0,326,166,22,9972,0,25804,0,0.2,4.9,,3,0.8587528467178345
2,Son Heung-min,MID,18,4.7,0,0,4,0,12.9,516,0.05,0.17,0.12,2.15,120,2,0,2.1,6.4,2023-11-11 12:30:00+00:00,90,20,0,0,0,0,12,0,4221092,1,1,2,2.0,230434,297378,66944,97,0,0,12,2023-24,6,0,,0,0,0,0,TOT,4,,False,0,1170,1230,1110,1150,1230,1310,21,39,0,,0,0,0,0,WOL,3,,False,0,1100,1100,1085,1105,1115,1100,38,10,25,707,100.0,100.0,8,0.25,85971,,,0,0,10,-10,921.9,21,16,,,4,3,5.0,5.5,7,7.87,0.24,19.36,0.59,11.49,53.77,1.65,0.35,,4.5,54,29,51,1.56,17,304.7,8,8,516,True,993.2,14,7,2934,,,100,5,3,1,0,1.0,0,,,6.1,8,6,0,0,0.0,,34.4,8,4,False,,34,1.04,,18,6,1131.0,9,5,213,10811759,0,7990321,0,0.4,21.3,,1,1.1376489400863647
0,Djed Spence,DEF,18,0.0,0,0,0,0,0.0,517,0.0,0.0,0.0,0.0,120,0,0,0.0,0.0,2023-11-11 12:30:00+00:00,0,20,0,0,0,0,12,0,24690,0,1,2,0.0,-751,0,751,40,0,0,12,2023-24,6,0,,0,0,0,0,TOT,4,,False,0,1170,1230,1110,1150,1230,1310,21,39,0,,0,0,0,0,WOL,3,,False,0,1100,1100,1085,1105,1115,1100,38,0,0,0,0.0,0.0,0,0.0,232859,,,0,0,0,0,0.0,595,214,,,0,2,0.0,0.0,0,0.0,0.0,0.0,0.0,0.0,0.0,0.0,0.0,,0.0,469,170,0,0.0,0,0.0,612,217,517,False,0.0,606,216,0,,,40,713,181,0,0,,0,,,0.0,621,214,0,0,0.0,,0.2,350,145,False,,0,0.0,,18,6,0.0,555,207,0,6594,0,47948,0,0.0,0.0,,0,0.1212201714515686
0,Japhet Tanganga,DEF,18,0.0,0,0,0,0,0.0,518,0.0,0.0,0.0,0.0,120,0,0,0.0,0.0,2023-11-11 12:30:00+00:00,0,20,0,0,0,0,12,0,39258,0,1,2,0.0,-1156,0,1156,40,0,0,12,2023-24,6,0,,0,0,0,0,TOT,4,,False,0,1170,1230,1110,1150,1230,1310,21,39,0,,0,0,0,0,WOL,3,,False,0,1100,1100,1085,1105,1115,1100,38,0,0,0,0.0,0.0,0,0.0,199584,,,0,0,0,0,0.0,586,209,,,0,2,0.0,0.0,0,0.0,0.0,0.0,0.0,0.0,0.0,0.0,0.0,,0.0,461,165,0,0.0,0,0.0,604,212,518,False,0.0,598,211,0,,,40,703,175,0,0,,0,,,0.0,613,209,0,0,0.0,,0.3,307,126,False,,0,0.0,,18,6,0.0,546,202,0,11423,0,70035,0,0.0,0.0,,0,0.1212201714515686
0,Destiny Udogie,DEF,18,0.0,0,0,0,0,0.0,519,0.0,0.0,0.0,0.0,120,0,0,0.0,0.0,2023-11-11 12:30:00+00:00,0,20,0,0,0,0,12,0,1076932,0,1,2,0.0,-350504,2601,353105,48,0,0,12,2023-24,6,0,,0,0,0,0,TOT,4,,False,0,1170,1230,1110,1150,1230,1310,21,39,0,,0,0,0,0,WOL,3,,False,0,1100,1100,1085,1105,1115,1100,38,3,8,402,0.0,0.0,5,0.19,487053,,,0,0,4,-4,357.9,119,22,,,3,2,0.0,0.0,0,2.36,0.09,4.78,0.18,2.42,48.7,1.83,0.09,,0.0,803,272,43,1.62,2,117.3,123,24,519,False,534.8,120,43,2391,,,49,260,31,0,0,,0,,,2.8,183,50,1,0,0.0,,5.2,70,24,False,,28,1.05,,18,6,279.0,137,11,79,3459308,0,3267175,0,0.0,16.1,,5,0.33588525652885437
1,Guglielmo Vicario,GK,18,1.7,0,0,17,0,0.0,520,0.0,0.0,0.0,2.15,120,2,0,2.1,21.2,2023-11-11 12:30:00+00:00,90,20,0,0,0,0,12,2,832755,1,1,2,0.0,18327,41103,22776,52,0,0,12,2023-24,6,0,,0,0,0,0,TOT,4,,False,0,1170,1230,1110,1150,1230,1310,21,39,0,,0,0,0,0,WOL,3,,False,0,1100,1100,1085,1105,1115,1100,38,0,9,730,,,7,0.18,184254,,,0,0,3,-3,0.0,849,100,,,1,1,2.6,3.3,6,0.0,0.0,0.0,0.0,0.0,63.58,1.67,0.0,,2.3,143,15,61,1.61,0,97.4,167,8,520,False,974.2,16,6,3420,,,53,136,5,0,0,,0,,,2.9,174,24,0,110,2.89,,9.4,47,9,False,,38,1.0,,18,6,0.0,847,98,112,1915164,0,1185591,0,0.4,21.1,,2,5.820668697357178
0,Alfie Whiteman,GK,18,0.0,0,0,0,0,0.0,521,0.0,0.0,0.0,0.0,120,0,0,0.0,0.0,2023-11-11 12:30:00+00:00,0,20,0,0,0,0,12,0,22401,0,1,2,0.0,616,1453,837,39,0,0,12,2023-24,6,0,,0,0,0,0,TOT,4,,False,0,1170,1230,1110,1150,1230,1310,21,39,0,,0,0,0,0,WOL,3,,False,0,1100,1100,1085,1105,1115,1100,38,0,0,0,100.0,100.0,0,0.0,175941,,,0,0,-1,1,0.0,554,39,,,0,1,1.0,1.0,0,0.0,0.0,0.0,0.0,0.0,0.0,0.0,0.0,,0.0,427,45,0,0.0,0,0.0,572,53,521,False,0.0,566,53,0,,,39,824,83,0,0,,0,,,0.0,581,53,0,0,0.0,,0.2,343,48,False,,0,0.0,,18,6,0.0,511,22,0,19679,0,28333,0,0.0,0.0,,0,-0.3781921863555908
1,Rayan Aït-Nouri,DEF,20,0.7,0,0,17,0,51.3,545,0.19,0.29,0.1,0.5,120,1,0,8.7,22.2,2023-11-11 12:30:00+00:00,86,18,0,0,0,0,12,0,40978,1,1,2,13.0,-161,2820,2981,45,1,1,12,2023-24,39,0,,0,0,0,0,WOL,3,,False,0,1100,1100,1085,1105,1115,1100,38,6,0,,0,0,0,0,TOT,4,,False,0,1170,1230,1110,1150,1230,1310,21,3,6,365,100.0,100.0,3,0.12,448514,,,0,0,1,-1,376.9,107,19,,,2,2,0.5,0.5,1,1.81,0.07,4.93,0.19,3.12,45.79,1.77,0.12,,1.0,253,81,43,1.66,2,107.7,140,29,545,False,448.4,167,58,2327,,,46,341,43,0,0,,0,,,2.3,256,79,0,0,0.0,,3.9,93,34,False,,29,1.12,,20,39,253.0,145,13,77,982769,0,614870,0,0.2,16.7,,7,1.5915420055389404
0,Daniel Bentley,GK,20,0.0,0,0,0,0,0.0,546,0.0,0.0,0.0,0.0,120,0,0,0.0,0.0,2023-11-11 12:30:00+00:00,0,18,0,0,0,0,12,0,54438,0,1,2,0.0,3799,5455,1656,39,1,0,12,2023-24,39,0,,0,0,0,0,WOL,3,,False,0,1100,1100,1085,1105,1115,1100,38,6,0,,0,0,0,0,TOT,4,,False,0,1170,1230,1110,1150,1230,1310,21,0,1,73,,,2,0.47,79602,,,0,0,-1,1,0.0,542,29,,,1,1,-0.3,-0.3,0,0.0,0.0,0.0,0.0,0.0,7.79,1.84,0.0,,0.2,333,23,7,1.65,0,7.1,470,35,546,False,70.8,427,35,382,,,39,810,73,0,0,,0,,,3.6,74,9,0,8,1.88,,0.8,215,30,False,,3,0.71,,20,39,0.0,499,12,18,154220,0,128415,0,0.1,4.6,,0,0.09012633562088013
0,Bendegúz Bolla,DEF,20,0.0,0,0,0,0,0.0,547,0.0,0.0,0.0,0.0,120,0,0,0.0,0.0,2023-11-11 12:30:00+00:00,0,18,0,0,0,0,12,0,50285,0,1,2,0.0,-1355,0,1355,40,1,0,12,2023-24,39,0,,0,0,0,0,WOL,3,,False,0,1100,1100,1085,1105,1115,1100,38,6,0,,0,0,0,0,TOT,4,,False,0,1170,1230,1110,1150,1230,1310,21,0,0,0,0.0,0.0,0,0.0,431960,,,0,0,0,0,0.0,603,219,,,0,2,0.0,0.0,0,0.0,0.0,0.0,0.0,0.0,0.0,0.0,0.0,,0.0,479,177,0,0.0,0,0.0,620,222,547,False,0.0,614,221,0,,,40,723,188,0,0,,0,,,0.0,629,219,0,0,0.0,,0.3,284,115,False,,0,0.0,,20,39,0.0,563,212,0,11202,0,62268,0,0.0,0.0,,0,-0.15612056851387024
0,Hugo Bueno López,DEF,20,0.0,0,0,0,0,0.0,548,0.0,0.0,0.0,0.0,120,0,0,0.0,0.0,2023-11-11 12:30:00+00:00,0,18,0,0,0,0,12,0,9842,0,1,2,0.0,-410,50,460,44,1,0,12,2023-24,39,0,,0,0,0,0,WOL,3,,False,0,1100,1100,1085,1105,1115,1100,38,6,0,,0,0,0,0,TOT,4,,False,0,1170,1230,1110,1150,1230,1310,21,0,0,136,100.0,100.0,2,0.25,490721,,,0,0,-1,1,122.1,275,81,,,0,2,-0.1,0.0,1,0.68,0.08,0.99,0.12,0.31,12.99,1.61,0.04,,0.5,301,100,16,1.98,0,29.0,371,136,548,False,139.4,369,141,727,,,44,588,113,1,0,,0,,,1.3,427,148,0,0,0.0,,0.1,419,170,False,,7,0.87,,20,39,30.0,390,138,29,9090,0,15991,0,0.1,6.6,,1,0.02583867497742176
0,Francisco Jorge Tomás Oliveira,MID,20,0.0,0,0,0,0,0.0,549,0.0,0.0,0.0,0.0,120,0,0,0.0,0.0,2023-11-11 12:30:00+00:00,0,18,0,0,0,0,12,0,551,0,1,2,0.0,-12,0,12,45,1,0,12,2023-24,39,0,,0,0,0,0,WOL,3,,False,0,1100,1100,1085,1105,1115,1100,38,6,0,,0,0,0,0,TOT,4,,False,0,1170,1230,1110,1150,1230,1310,21,0,0,0,0.0,0.0,0,0.0,510363,,,0,0,0,0,0.0,772,315,,,0,3,0.0,0.0,0,0.0,0.0,0.0,0.0,0.0,0.0,0.0,0.0,,0.0,701,270,0,0.0,0,0.0,781,316,549,False,0.0,777,315,0,,,45,456,276,0,0,,0,,,0.0,783,319,0,0,0.0,,0.0,785,312,False,,0,0.0,,20,39,0.0,758,308,0,0,0,785,0,0.0,0.0,,0,0.49873173236846924
0,Luke Cundle,MID,20,0.0,0,0,0,0,0.0,550,0.0,0.0,0.0,0.0,120,0,0,0.0,0.0,2023-11-11 12:30:00+00:00,0,18,0,0,0,0,12,0,1174,0,1,2,0.0,-27,0,27,45,1,0,12,2023-24,39,0,,0,0,0,0,WOL,3,,False,0,1100,1100,1085,1105,1115,1100,38,6,0,,0,0,0,0,TOT,4,,False,0,1170,1230,1110,1150,1230,1310,21,0,0,0,0.0,0.0,0,0.0,245923,,,0,0,0,0,0.0,736,286,,,0,3,0.0,0.0,0,0.0,0.0,0.0,0.0,0.0,0.0,0.0,0.0,,0.0,656,233,0,0.0,0,0.0,745,287,550,False,0.0,741,286,0,,,45,399,233,0,0,,0,,,0.0,751,293,0,0,0.0,,0.0,718,277,False,,0,0.0,,20,39,0.0,718,276,0,0,0,2008,0,0.0,0.0,,0,0.49873173236846924
1,Craig Dawson,DEF,20,0.7,0,0,8,0,0.4,551,0.0,0.0,0.0,0.7,120,1,0,1.0,9.8,2023-11-11 12:30:00+00:00,90,18,0,0,0,0,12,0,37145,1,1,2,0.0,-2821,2238,5059,45,1,1,12,2023-24,39,0,,0,0,0,0,WOL,3,,False,0,1100,1100,1085,1105,1115,1100,38,6,0,,0,0,0,0,TOT,4,,False,0,1170,1230,1110,1150,1230,1310,21,1,6,421,0.0,0.0,6,0.24,60232,,,0,0,0,0,108.6,296,92,,,1,2,0.0,0.0,0,0.42,0.02,2.0,0.08,1.58,38.47,1.57,0.06,,0.0,632,256,38,1.55,1,94.4,174,45,551,False,611.8,91,30,2209,,,45,348,48,0,0,,0,,,2.8,176,47,0,0,0.0,,0.4,269,111,False,,25,1.02,,20,39,222.0,170,28,69,211043,0,206598,0,0.0,15.3,,7,1.3705216646194458
0,Fábio Silva,FWD,20,0.0,0,0,0,0,0.0,552,0.0,0.0,0.0,0.0,120,0,0,0.0,0.0,2023-11-11 12:30:00+00:00,0,18,0,0,0,0,12,0,21779,0,1,2,0.0,-356,780,1136,53,1,0,12,2023-24,39,0,,0,0,0,0,WOL,3,,False,0,1100,1100,1085,1105,1115,1100,38,6,0,,0,0,0,0,TOT,4,,False,0,1170,1230,1110,1150,1230,1310,21,0,0,7,0.0,0.0,1,0.35,449988,,,0,0,-3,3,51.6,375,51,,,0,4,0.0,0.0,0,0.09,0.03,1.21,0.42,1.12,7.2,2.5,0.39,,0.0,829,101,8,2.78,0,16.9,421,52,552,False,25.2,475,55,259,,,52,157,37,0,0,,0,,,1.0,528,69,0,0,0.0,,0.2,372,55,False,,3,1.04,,20,39,93.0,291,51,8,17549,0,35183,0,0.0,1.5,,2,0.7772186398506165
0,Gonçalo Manuel Ganchinho Guedes,MID,20,0.0,0,0,0,0,0.0,554,0.0,0.0,0.0,0.0,120,0,0,0.0,0.0,2023-11-11 12:30:00+00:00,0,18,0,0,0,0,12,0,3688,0,1,2,0.0,-52,0,52,54,1,0,12,2023-24,39,0,,0,0,0,0,WOL,3,,False,0,1100,1100,1085,1105,1115,1100,38,6,0,,0,0,0,0,TOT,4,,False,0,1170,1230,1110,1150,1230,1310,21,0,0,0,0.0,0.0,0,0.0,181284,,,0,0,-1,1,0.0,852,369,,,0,3,0.0,0.0,0,0.0,0.0,0.0,0.0,0.0,0.0,0.0,0.0,,0.0,836,360,0,0.0,0,0.0,852,369,554,False,0.0,852,369,0,,,54,112,65,0,0,,0,,,0.0,852,369,0,0,0.0,,0.0,589,207,False,,0,0.0,,20,39,0.0,850,369,0,1001,0,7785,0,0.0,0.0,,0,0.6197894811630249
0,Joe Hodge,MID,20,0.0,0,0,0,0,0.0,555,0.0,0.0,0.0,0.0,120,0,0,0.0,0.0,2023-11-11 12:30:00+00:00,0,18,0,0,0,0,12,0,6256,0,1,2,0.0,-352,67,419,44,1,0,12,2023-24,39,0,,0,0,0,0,WOL,3,,False,0,1100,1100,1085,1105,1115,1100,38,6,0,,0,0,0,0,TOT,4,,False,0,1170,1230,1110,1150,1230,1310,21,0,0,0,0.0,0.0,0,0.0,240299,,,0,0,-1,1,0.0,703,267,,,0,3,0.0,0.0,0,0.0,0.0,0.0,0.0,0.0,0.0,0.0,0.0,,0.0,608,210,0,0.0,0,0.0,711,266,555,False,0.0,708,265,0,,,44,564,327,0,0,,0,,,0.0,722,275,0,0,0.0,,0.0,545,186,False,,0,0.0,,20,39,0.0,674,253,0,4147,0,10371,0,0.0,0.0,,0,0.48626017570495605
0,Ki-Jana Hoever,DEF,20,0.0,0,0,0,0,0.0,556,0.0,0.0,0.0,0.0,120,0,0,0.0,0.0,2023-11-11 12:30:00+00:00,0,18,0,0,0,0,12,0,5153,0,1,2,0.0,-119,0,119,40,1,0,12,2023-24,39,0,,0,0,0,0,WOL,3,,False,0,1100,1100,1085,1105,1115,1100,38,6,0,,0,0,0,0,TOT,4,,False,0,1170,1230,1110,1150,1230,1310,21,0,0,0,0.0,0.0,0,0.0,441271,,,0,0,0,0,0.0,606,221,,,0,2,0.0,0.0,0,0.0,0.0,0.0,0.0,0.0,0.0,0.0,0.0,,0.0,483,180,0,0.0,0,0.0,623,224,556,False,0.0,617,223,0,,,40,729,193,0,0,,0,,,0.0,632,221,0,0,0.0,,0.0,572,220,False,,0,0.0,,20,39,0.0,566,214,0,0,0,5645,0,0.0,0.0,,0,-0.15612056851387024
2,Hwang Hee-chan,MID,20,4.7,0,0,-6,0,3.3,557,0.04,0.3,0.26,0.7,120,1,0,1.4,2.8,2023-11-11 12:30:00+00:00,90,18,0,0,0,0,12,0,523945,1,1,2,8.0,16752,73152,56400,55,1,0,12,2023-24,39,0,,0,0,0,0,WOL,3,,False,0,1100,1100,1085,1105,1115,1100,38,6,0,,0,0,0,0,TOT,4,,False,0,1170,1230,1110,1150,1230,1310,21,3,10,334,100.0,100.0,3,0.13,184754,,,0,0,-1,1,259.9,163,107,,,1,3,2.9,3.7,2,2.84,0.12,10.37,0.44,7.53,38.86,1.65,0.32,,4.2,58,31,37,1.57,12,140.7,92,61,557,False,534.2,121,48,2116,,,54,113,66,0,0,1.0,0,,,4.3,32,20,0,0,0.0,,1.8,153,45,False,,25,1.06,,20,39,614.0,50,30,125,2716995,0,2588814,0,0.8,23.1,,6,2.0882863998413086
1,João Victor Gomes da Silva,MID,20,0.7,0,0,17,0,17.9,559,0.1,0.2,0.1,0.5,120,1,0,3.3,10.6,2023-11-11 12:30:00+00:00,86,18,0,0,0,0,12,0,6311,1,1,2,4.0,-296,160,456,49,1,1,12,2023-24,39,0,,0,0,0,0,WOL,3,,False,0,1100,1100,1085,1105,1115,1100,38,6,0,,0,0,0,0,TOT,4,,False,0,1170,1230,1110,1150,1230,1310,21,2,3,359,100.0,100.0,4,0.14,448089,,,0,0,-1,1,372.3,110,79,,,1,3,1.1,1.0,2,1.76,0.06,3.58,0.12,1.82,53.05,1.8,0.06,,1.5,207,100,51,1.73,2,106.1,146,85,559,False,493.2,147,65,2646,,,49,258,164,0,0,,0,,,2.2,274,114,0,0,0.0,,0.1,426,131,False,,32,1.09,,20,39,196.0,185,106,75,35080,0,34217,0,0.3,15.3,,11,1.0713679790496826
0,Jonathan Castro Otto,DEF,20,0.0,0,0,0,0,0.0,560,0.0,0.0,0.0,0.0,120,0,0,0.0,0.0,2023-11-11 12:30:00+00:00,0,18,0,0,0,0,12,0,5745,0,1,2,0.0,-86,78,164,43,1,0,12,2023-24,39,0,,0,0,0,0,WOL,3,,False,0,1100,1100,1085,1105,1115,1100,38,6,0,,0,0,0,0,TOT,4,,False,0,1170,1230,1110,1150,1230,1310,21,0,0,3,0.0,0.0,0,0.0,114128,,,0,0,-2,2,0.0,676,266,,,0,2,0.0,0.0,0,0.0,0.0,0.0,0.0,0.0,0.07,1.58,0.0,,0.0,564,234,0,0.0,0,0.5,528,187,560,False,5.0,511,185,4,,,43,618,126,0,0,,0,,,1.0,472,169,0,0,0.0,,0.0,559,215,False,,0,0.0,,20,39,0.0,643,265,1,1446,0,5985,0,0.0,0.2,,0,0.015163034200668335
0,Bruno Cavaco Jordão,MID,20,0.0,0,0,0,0,0.0,561,0.0,0.0,0.0,0.0,120,0,0,0.0,0.0,2023-11-11 12:30:00+00:00,0,18,0,0,0,0,12,0,17196,0,1,2,0.0,-518,372,890,44,1,0,12,2023-24,39,0,,0,0,0,0,WOL,3,,False,0,1100,1100,1085,1105,1115,1100,38,6,0,,0,0,0,0,TOT,4,,False,0,1170,1230,1110,1150,1230,1310,21,0,0,0,,,0,0.0,428610,,,0,0,-2,2,0.0,684,257,,,0,3,-0.5,-0.5,0,0.0,0.0,0.0,0.0,0.0,0.0,0.0,0.0,,0.0,578,195,0,0.0,0,0.0,693,256,561,False,0.0,689,255,0,,,43,646,362,0,0,,0,,,0.0,703,265,0,0,0.0,,0.2,359,108,False,,0,0.0,,20,39,0.0,652,242,0,23286,0,30844,0,0.0,0.0,,0,0.48626017570495605
1,Sasa Kalajdzic,FWD,20,1.3,0,0,-7,0,0.1,562,0.0,0.15,0.15,0.2,120,0,0,0.5,1.0,2023-11-11 12:30:00+00:00,17,18,0,0,0,0,12,0,21133,0,1,2,4.0,883,2732,1849,49,1,0,12,2023-24,39,0,,0,0,0,0,WOL,3,,False,0,1100,1100,1085,1105,1115,1100,38,6,0,,0,0,0,0,TOT,4,,False,0,1170,1230,1110,1150,1230,1310,21,0,4,88,0.0,0.0,1,0.57,429414,,,0,0,-1,1,48.7,380,53,,,0,4,0.0,0.0,0,0.26,0.15,1.27,0.73,1.01,2.57,1.46,0.58,,0.0,800,96,2,1.14,2,20.7,408,51,562,False,94.0,397,45,158,,,49,252,54,0,0,,0,,,2.2,273,40,0,0,0.0,,0.1,417,64,False,,1,0.57,,20,39,66.0,325,55,24,25714,0,34673,0,0.0,4.9,,0,2.5514986515045166
2,Max Kilman,DEF,20,1.3,0,0,12,0,1.0,563,0.02,0.02,0.0,0.7,120,1,0,1.3,12.0,2023-11-11 12:30:00+00:00,90,18,0,0,0,0,12,0,69981,1,1,2,0.0,-2389,3207,5596,45,1,0,12,2023-24,39,0,,0,0,0,0,WOL,3,,False,0,1100,1100,1085,1105,1115,1100,38,6,0,,0,0,0,0,TOT,4,,False,0,1170,1230,1110,1150,1230,1310,21,0,3,592,,,5,0.13,214048,,,0,0,-1,1,233.1,180,38,,,1,2,0.5,0.5,1,1.12,0.03,2.9,0.08,1.78,67.17,1.77,0.05,,1.0,244,73,65,1.71,2,130.2,99,13,563,False,853.6,31,4,3420,,,44,548,99,0,0,,0,,,2.2,268,84,0,0,0.0,,1.7,158,65,False,,38,1.0,,20,39,212.0,175,31,82,411645,0,320063,0,0.2,18.6,,7,2.0339505672454834
0,Tom King,GK,20,0.0,0,0,0,0,0.0,564,0.0,0.0,0.0,0.0,120,0,0,0.0,0.0,2023-11-11 12:30:00+00:00,0,18,0,0,0,0,12,0,73287,0,1,2,0.0,-753,247,1000,40,1,0,12,2023-24,39,0,,0,0,0,0,WOL,3,,False,0,1100,1100,1085,1105,1115,1100,38,6,0,,0,0,0,0,TOT,4,,False,0,1170,1230,1110,1150,1230,1310,21,0,0,0,,,0,0.0,138001,,,0,0,-1,1,0.0,549,34,,,0,1,-0.5,-0.5,0,0.0,0.0,0.0,0.0,0.0,0.0,0.0,0.0,,0.0,422,40,0,0.0,0,0.0,569,50,564,False,0.0,563,50,0,,,39,819,78,0,0,,0,,,0.0,578,50,0,0,0.0,,0.6,224,32,False,,0,0.0,,20,39,0.0,506,17,0,26194,0,45024,0,0.0,0.0,,0,0.09083497524261475
10,Mario Lemina,MID,20,7.0,0,3,41,0,1.8,565,0.03,0.82,0.79,0.7,120,1,1,9.6,48.4,2023-11-11 12:30:00+00:00,90,18,0,0,0,0,12,0,6580,1,1,2,46.0,-477,706,1183,49,1,0,12,2023-24,39,0,,0,0,0,0,WOL,3,,False,0,1100,1100,1085,1105,1115,1100,38,6,0,,0,0,0,0,TOT,4,,False,0,1170,1230,1110,1150,1230,1310,21,1,13,490,100.0,100.0,4,0.12,151086,,,0,0,-1,1,333.6,126,87,,,1,3,2.1,2.5,2,1.26,0.04,5.86,0.18,4.6,60.17,1.82,0.14,,3.0,103,47,55,1.67,4,142.7,89,59,565,False,621.6,85,32,2969,,,49,229,144,0,0,,0,,,2.7,196,86,1,0,0.0,,0.1,436,135,False,,34,1.03,,20,39,470.0,73,45,95,42796,0,41061,0,0.6,19.4,,10,2.027679204940796
0,Pedro Lomba Neto,MID,20,0.0,0,0,0,0,0.0,567,0.0,0.0,0.0,0.0,120,0,0,0.0,0.0,2023-11-11 12:30:00+00:00,0,18,0,0,0,0,12,0,338039,0,1,2,0.0,-230753,951,231704,56,1,0,12,2023-24,39,0,,0,0,0,0,WOL,3,,False,0,1100,1100,1085,1105,1115,1100,38,6,0,,0,0,0,0,TOT,4,,False,0,1170,1230,1110,1150,1230,1310,21,11,8,310,100.0,100.0,3,0.18,247632,1.0,,0,0,0,0,599.2,53,46,3.0,,1,3,-0.5,-0.3,1,3.69,0.22,6.86,0.41,3.17,29.09,1.73,0.19,,0.2,399,186,27,1.6,2,135.5,95,64,567,False,371.4,205,86,1516,,,55,104,62,0,0,,0,,,4.3,34,22,0,0,0.0,,1.3,173,51,False,,18,1.07,,20,39,389.0,100,63,86,2042816,0,1988660,0,0.0,15.6,,4,1.7532012462615967
0,Daniel Castelo Podence,MID,20,0.0,0,0,0,0,0.0,568,0.0,0.0,0.0,0.0,120,0,0,0.0,0.0,2023-11-11 12:30:00+00:00,0,18,0,0,0,0,12,0,4618,0,1,2,0.0,-81,0,81,53,1,0,12,2023-24,39,0,,0,0,0,0,WOL,3,,False,0,1100,1100,1085,1105,1115,1100,38,6,0,,0,0,0,0,TOT,4,,False,0,1170,1230,1110,1150,1230,1310,21,0,0,0,0.0,0.0,0,0.0,200600,,,0,0,-2,2,0.0,850,367,,,0,3,0.0,0.0,0,0.0,0.0,0.0,0.0,0.0,0.0,0.0,0.0,,0.0,832,358,0,0.0,0,0.0,850,367,568,False,0.0,850,367,0,,,53,139,84,0,0,,0,,,0.0,850,367,0,0,0.0,,0.0,565,199,False,,0,0.0,,20,39,0.0,848,367,0,868,0,11835,0,0.0,0.0,,0,0.6057479381561279
2,José Malheiro de Sá,GK,20,1.3,0,0,10,0,0.0,569,0.0,0.0,0.0,0.7,120,1,0,0.8,7.6,2023-11-11 12:30:00+00:00,90,18,0,0,0,0,12,1,156750,1,1,2,0.0,-5717,5070,10787,50,1,0,12,2023-24,39,0,,0,0,0,0,WOL,3,,False,0,1100,1100,1085,1105,1115,1100,38,6,0,,0,0,0,0,TOT,4,,False,0,1170,1230,1110,1150,1230,1310,21,1,8,622,100.0,100.0,4,0.12,149065,,,0,0,0,0,11.0,450,6,,,1,1,1.7,1.7,4,0.0,0.0,0.0,0.0,0.0,59.38,1.76,0.0,,2.2,153,18,58,1.72,0,101.6,157,5,569,False,1003.4,13,5,3037,,,50,178,8,0,0,,0,,,3.1,144,23,0,134,3.97,,2.0,140,20,False,,35,1.04,,20,39,0.0,835,94,107,377733,0,324643,0,0.4,21.4,,1,3.220903158187866
11,Pablo Sarabia,MID,20,3.7,1,2,34,0,13.3,570,0.29,0.56,0.27,0.2,120,0,1,8.2,51.4,2023-11-11 12:30:00+00:00,3,18,0,0,0,0,12,0,9048,0,1,2,17.0,-398,107,505,47,1,0,12,2023-24,39,0,,0,0,0,0,WOL,3,,False,0,1100,1100,1085,1105,1115,1100,38,6,0,,0,0,0,0,TOT,4,,False,0,1170,1230,1110,1150,1230,1310,21,7,8,358,75.0,75.0,6,0.31,88484,1.0,,0,0,-5,5,795.3,32,26,2.0,,1,3,0.2,-0.2,0,5.0,0.26,10.52,0.55,5.52,30.95,1.6,0.29,,0.2,363,162,27,1.4,4,168.4,61,44,570,False,469.2,155,70,1737,,,45,351,221,0,0,3.0,0,,,3.3,109,50,0,0,0.0,,0.5,241,73,False,,20,1.04,,20,39,418.0,88,56,99,290235,0,250282,0,0.0,22.0,,5,0.537555456161499
0,Matija Šarkić,GK,20,0.0,0,0,0,0,0.0,571,0.0,0.0,0.0,0.0,120,0,0,0.0,0.0,2023-11-11 12:30:00+00:00,0,18,0,0,0,0,12,0,34384,0,1,2,0.0,-615,0,615,40,1,0,12,2023-24,39,0,,0,0,0,0,WOL,3,,False,0,1100,1100,1085,1105,1115,1100,38,6,0,,0,0,0,0,TOT,4,,False,0,1170,1230,1110,1150,1230,1310,21,0,0,0,0.0,0.0,0,0.0,216208,,,0,0,0,0,0.0,591,57,,,0,1,0.0,0.0,0,0.0,0.0,0.0,0.0,0.0,0.0,0.0,0.0,,0.0,466,63,0,0.0,0,0.0,609,71,571,False,0.0,603,71,0,,,40,709,43,0,0,,0,,,0.0,618,71,0,0,0.0,,0.2,322,43,False,,0,0.0,,20,39,0.0,551,41,0,0,0,31299,0,0.0,0.0,,0,0.09083497524261475
2,Nélson Cabral Semedo,DEF,20,1.3,0,0,15,0,12.8,572,0.02,0.04,0.02,0.46,120,1,0,2.5,10.4,2023-11-11 12:30:00+00:00,66,18,0,0,0,0,12,0,42088,1,1,2,2.0,-736,2132,2868,45,1,0,12,2023-24,39,0,,0,0,0,0,WOL,3,,False,0,1100,1100,1085,1105,1115,1100,38,6,0,,0,0,0,0,TOT,4,,False,0,1170,1230,1110,1150,1230,1310,21,2,0,455,0.0,100.0,5,0.15,200402,,,0,0,0,0,395.7,99,16,,,0,2,0.1,-0.7,-3,1.69,0.05,2.65,0.08,0.97,69.09,2.02,0.03,,-0.2,865,278,62,1.81,0,107.2,142,30,572,False,508.8,136,47,3084,,,45,375,64,0,0,,0,,,1.8,349,119,1,0,0.0,,0.6,231,91,False,,36,1.05,,20,39,165.0,203,47,63,170805,0,154776,0,0.0,14.0,,10,1.8083573579788208
2,Toti António Gomes,DEF,20,2.7,0,0,19,0,0.7,573,0.0,0.15,0.15,0.7,120,1,0,3.6,14.0,2023-11-11 12:30:00+00:00,90,18,0,0,0,0,12,0,12176,1,1,2,21.0,-401,892,1293,44,1,0,12,2023-24,39,0,,0,0,0,0,WOL,3,,False,0,1100,1100,1085,1105,1115,1100,38,6,0,,0,0,0,0,TOT,4,,False,0,1170,1230,1110,1150,1230,1310,21,4,6,468,100.0,100.0,4,0.13,510362,,,0,0,-1,1,117.7,283,86,,,0,2,2.3,2.5,0,0.63,0.02,2.25,0.07,1.62,53.46,1.74,0.05,,3.0,100,28,49,1.59,1,83.7,196,54,573,False,550.0,112,40,2771,,,44,596,115,0,0,,0,,,2.3,253,77,0,0,0.0,,0.3,306,125,False,,31,1.01,,20,39,167.0,202,46,82,72579,0,56962,0,0.7,18.6,,7,1.918294906616211
0,Boubacar Traoré,MID,20,0.7,0,0,0,0,0.0,574,0.0,0.0,0.0,0.0,120,0,0,0.0,0.0,2023-11-11 12:30:00+00:00,0,18,0,0,0,0,12,0,46054,0,1,2,0.0,-1806,754,2560,44,1,0,12,2023-24,39,0,,0,0,0,0,WOL,3,,False,0,1100,1100,1085,1105,1115,1100,38,6,0,,0,0,0,0,TOT,4,,False,0,1170,1230,1110,1150,1230,1310,21,0,0,122,100.0,100.0,0,0.0,476502,,,0,0,-2,2,106.5,304,168,,,0,3,0.7,0.5,1,0.33,0.04,0.61,0.07,0.28,18.74,2.1,0.03,,1.0,241,118,23,2.58,0,25.2,393,179,574,False,114.4,383,161,802,,,43,653,367,0,0,,0,,,1.0,475,209,0,0,0.0,,0.3,291,93,False,,7,0.79,,20,39,27.0,402,200,25,45199,0,70660,0,0.2,5.8,,4,1.295114278793335
0,Manor Solomon,MID,18,0.0,0,0,0,0,0.0,583,0.0,0.0,0.0,0.0,120,0,0,0.0,0.0,2023-11-11 12:30:00+00:00,0,20,0,0,0,0,12,0,9258,0,1,2,0.0,-512,26,538,52,0,0,12,2023-24,6,0,,0,0,0,0,TOT,4,,False,0,1170,1230,1110,1150,1230,1310,21,39,0,,0,0,0,0,WOL,3,,False,0,1100,1100,1085,1105,1115,1100,38,2,2,53,0.0,0.0,0,0.0,235674,,,0,0,-4,4,144.3,250,147,,,1,3,0.0,0.0,0,0.75,0.34,1.16,0.53,0.41,1.79,0.82,0.19,,0.0,822,351,2,0.92,0,28.0,377,169,583,False,73.4,423,182,196,,,51,165,100,0,0,,0,,,2.8,186,82,0,0,0.0,,0.1,462,150,False,,2,0.92,,18,6,61.0,332,170,14,19025,0,29070,0,0.0,2.7,,1,0.12388765811920166
5,Matheus Santos Carneiro Da Cunha,FWD,20,3.0,1,0,15,0,33.4,590,0.16,0.4,0.24,0.7,120,1,0,7.3,23.4,2023-11-11 12:30:00+00:00,90,18,0,0,0,0,12,0,109231,1,1,2,16.0,1080,16477,15397,55,1,0,12,2023-24,39,0,,0,0,0,0,WOL,3,,False,0,1100,1100,1085,1105,1115,1100,38,6,0,,0,0,0,0,TOT,4,,False,0,1170,1230,1110,1150,1230,1310,21,7,15,520,100.0,100.0,6,0.22,430871,,,0,0,0,0,409.8,90,8,,,3,4,1.9,3.0,2,2.97,0.11,12.46,0.46,9.49,48.51,1.79,0.35,,3.5,83,14,46,1.7,12,206.4,35,9,590,False,786.0,42,5,2438,,,55,105,30,0,0,2.0,0,,,4.2,41,8,0,0,0.0,,2.4,122,22,False,,29,1.07,,20,39,872.0,24,12,135,1898248,0,1726143,0,0.6,24.5,,9,4.3361756801605225
0,Matt Doherty,DEF,20,0.0,0,0,-2,0,0.3,598,0.0,0.0,0.0,0.24,120,0,0,0.0,0.0,2023-11-11 12:30:00+00:00,23,18,0,0,0,0,12,0,19552,0,1,2,0.0,-682,376,1058,43,1,1,12,2023-24,39,0,,0,0,0,0,WOL,3,,False,0,1100,1100,1085,1105,1115,1100,38,6,0,,0,0,0,0,TOT,4,,False,0,1170,1230,1110,1150,1230,1310,21,0,1,186,,,1,0.08,87835,,,0,0,-2,2,168.1,232,62,,,0,2,0.5,0.5,1,0.86,0.07,1.75,0.14,0.89,23.16,1.83,0.07,,1.0,238,70,21,1.66,1,52.9,281,91,598,False,237.8,298,112,1136,,,43,611,121,0,0,,0,,,1.4,412,143,0,0,0.0,,0.2,330,137,False,,9,0.71,,20,39,122.0,251,69,41,32414,0,41483,0,0.2,9.5,,2,0.215279221534729
0,Micky van de Ven,DEF,18,0.0,0,0,0,0,0.0,639,0.0,0.0,0.0,0.0,120,0,0,0.0,0.0,2023-11-11 12:30:00+00:00,0,20,0,0,0,0,12,0,416272,0,1,2,0.0,-220981,30538,251519,47,0,0,12,2023-24,6,0,,0,0,0,0,TOT,4,,False,0,1170,1230,1110,1150,1230,1310,21,39,0,,0,0,0,0,WOL,3,,False,0,1100,1100,1085,1105,1115,1100,38,0,10,501,100.0,100.0,5,0.19,491279,,,0,0,-1,1,56.7,365,128,,,3,2,3.4,4.0,6,0.33,0.01,0.94,0.03,0.61,37.56,1.44,0.02,,3.0,99,27,38,1.46,3,70.5,238,71,639,False,561.6,104,37,2341,,,44,589,114,0,0,,0,,,3.0,153,36,0,0,0.0,,3.7,95,35,False,,27,1.04,,18,6,85.0,301,99,81,1161788,0,845981,0,0.7,18.4,,5,2.083916425704956
0,Dane Scarlett,FWD,18,0.0,0,0,0,0,0.0,640,0.0,0.0,0.0,0.0,120,0,0,0.0,0.0,2023-11-11 12:30:00+00:00,0,20,0,0,0,0,12,0,15322,0,1,2,0.0,-373,0,373,45,0,0,12,2023-24,6,0,,0,0,0,0,TOT,4,,False,0,1170,1230,1110,1150,1230,1310,21,39,0,,0,0,0,0,WOL,3,,False,0,1100,1100,1085,1105,1115,1100,38,0,0,10,100.0,100.0,0,0.0,490145,,,0,0,0,0,0.4,513,66,,,0,4,1.2,1.3,1,0.0,0.0,0.0,0.0,0.0,0.02,0.09,0.0,,0.3,324,43,0,0.0,0,0.8,523,65,640,False,2.0,533,63,19,,,45,435,77,0,0,,0,,,1.0,494,60,0,0,0.0,,0.1,384,59,False,,0,0.0,,18,6,6.0,452,62,4,10994,0,33049,0,0.1,0.9,,0,0.2950176000595093
0,Alejo Véliz,FWD,18,0.0,0,0,0,0,0.0,641,0.0,0.0,0.0,0.0,120,0,0,0.0,0.0,2023-11-11 12:30:00+00:00,0,20,0,0,0,0,12,0,6614,0,1,2,0.0,357,726,369,54,0,0,12,2023-24,6,0,,0,0,0,0,TOT,4,,False,0,1170,1230,1110,1150,1230,1310,21,39,0,,0,0,0,0,WOL,3,,False,0,1100,1100,1085,1105,1115,1100,38,0,0,40,0.0,0.0,0,0.0,536908,,,0,0,-1,1,0.9,502,63,,,0,4,0.0,0.0,0,0.0,0.0,0.42,0.84,0.42,1.88,3.76,0.84,,0.0,838,103,2,4.0,1,6.5,474,58,641,False,35.2,464,52,45,,,54,122,34,0,0,,0,,,1.4,423,53,0,0,0.0,,0.1,518,74,False,,0,0.0,,18,6,29.0,397,58,11,8936,0,13029,0,0.0,2.0,,1,1.3518284559249878
0,Santiago Bueno,DEF,20,0.0,0,0,0,0,0.0,697,0.0,0.0,0.0,0.0,120,0,0,0.0,0.0,2023-11-11 12:30:00+00:00,0,18,0,0,0,0,12,0,2286,0,1,2,0.0,-19,149,168,45,1,0,12,2023-24,39,0,,0,0,0,0,WOL,3,,False,0,1100,1100,1085,1105,1115,1100,38,6,0,,0,0,0,0,TOT,4,,False,0,1170,1230,1110,1150,1230,1310,21,0,0,124,100.0,100.0,0,0.0,231480,,,0,0,0,0,27.1,419,155,,,0,2,0.1,0.0,1,0.01,0.0,0.01,0.0,0.0,20.71,2.28,0.0,,0.5,302,101,18,1.98,0,20.3,411,145,697,False,173.8,342,130,819,,,45,389,72,0,0,,0,,,1.1,449,154,0,0,0.0,,0.0,533,208,False,,9,0.99,,20,39,2.0,476,178,13,4956,0,4725,0,0.1,2.9,,1,0.07349663972854614
0,Enso González,MID,20,0.0,0,0,0,0,0.0,698,0.0,0.0,0.0,0.0,120,0,0,0.0,0.0,2023-11-11 12:30:00+00:00,0,18,0,0,0,0,12,0,1057,0,1,2,0.0,-20,85,105,50,1,0,12,2023-24,39,0,,0,0,0,0,WOL,3,,False,0,1100,1100,1085,1105,1115,1100,38,6,0,,0,0,0,0,TOT,4,,False,0,1170,1230,1110,1150,1230,1310,21,0,0,3,,,0,0.0,593001,,,0,0,0,0,0.8,504,239,,,0,3,-0.3,-0.3,0,0.0,0.0,0.0,0.0,0.0,0.0,0.0,0.0,,0.2,389,180,0,0.0,0,0.1,557,251,698,False,0.2,551,249,1,,,50,216,135,0,0,,0,,,1.0,526,245,0,0,0.0,,0.0,644,241,False,,0,0.0,,20,39,0.0,843,365,1,2485,0,2493,0,0.0,0.2,,0,0.5643950700759888
0,Ashley Phillips,DEF,18,0.0,0,0,0,0,0.0,702,0.0,0.0,0.0,0.0,120,0,0,0.0,0.0,2023-11-11 12:30:00+00:00,0,20,0,0,0,0,12,0,10376,0,1,2,0.0,614,1185,571,40,0,0,12,2023-24,6,0,,0,0,0,0,TOT,4,,False,0,1170,1230,1110,1150,1230,1310,21,39,0,,0,0,0,0,WOL,3,,False,0,1100,1100,1085,1105,1115,1100,38,0,0,0,0.0,0.0,0,0.0,548308,,,0,0,0,0,0.0,652,252,,,0,2,0.0,0.0,0,0.0,0.0,0.0,0.0,0.0,0.0,0.0,0.0,,0.0,529,211,0,0.0,0,0.0,668,254,702,False,0.0,663,254,0,,,40,785,234,0,0,,0,,,0.0,676,250,0,0,0.0,,0.1,490,192,False,,0,0.0,,18,6,0.0,614,247,0,11218,0,10669,0,0.0,0.0,,0,0.1212201714515686
0,Nathan Fraser,FWD,20,0.0,0,0,0,0,0.0,704,0.0,0.0,0.0,0.0,120,0,0,0.0,0.0,2023-11-11 12:30:00+00:00,0,18,0,0,0,0,12,0,8288,0,1,2,0.0,-386,733,1119,45,1,0,12,2023-24,39,0,,0,0,0,0,WOL,3,,False,0,1100,1100,1085,1105,1115,1100,38,6,0,,0,0,0,0,TOT,4,,False,0,1170,1230,1110,1150,1230,1310,21,0,0,17,100.0,100.0,1,0.49,531363,,,0,0,0,0,29.2,410,54,,,0,4,-0.3,-0.5,0,0.06,0.03,0.38,0.19,0.32,3.25,1.6,0.16,,0.0,719,75,3,1.48,0,8.6,467,57,704,False,22.4,482,56,183,,,45,475,84,0,0,,0,,,1.0,503,61,0,0,0.0,,0.1,447,66,False,,1,0.49,,20,39,36.0,379,56,7,22505,0,18951,0,0.0,1.6,,1,0.572011411190033
2,Jean-Ricner Bellegarde,MID,20,3.0,0,0,10,0,14.4,715,0.04,0.1,0.06,0.5,120,1,0,2.7,9.6,2023-11-11 12:30:00+00:00,72,18,0,0,0,0,12,0,1231,1,1,2,3.0,389,465,76,49,1,0,12,2023-24,39,0,,0,0,0,0,WOL,3,,False,0,1100,1100,1085,1105,1115,1100,38,6,0,,0,0,0,0,TOT,4,,False,0,1170,1230,1110,1150,1230,1310,21,2,1,150,100.0,100.0,0,0.0,231057,,,0,0,-1,1,170.1,231,139,,,0,3,0.5,1.3,2,0.76,0.07,2.11,0.2,1.35,26.15,2.48,0.13,,1.8,191,88,24,2.28,2,52.2,285,135,715,False,189.8,331,139,948,,,49,247,156,0,0,,0,,,2.0,317,134,1,0,0.0,,0.0,685,264,False,,10,0.95,,20,39,163.0,208,114,45,7274,0,6851,0,0.4,9.2,,0,1.6857644319534302
0,Jamie Donley,FWD,18,0.0,0,0,0,0,0.0,722,0.0,0.0,0.0,0.0,120,0,0,0.0,0.0,2023-11-11 12:30:00+00:00,0,20,0,0,0,0,12,0,3590,0,1,2,0.0,402,804,402,45,0,0,12,2023-24,6,0,,0,0,0,0,TOT,4,,False,0,1170,1230,1110,1150,1230,1310,21,39,0,,0,0,0,0,WOL,3,,False,0,1100,1100,1085,1105,1115,1100,38,0,0,3,,,0,0.0,513588,,,0,0,0,0,0.0,773,88,,,0,4,1.0,1.0,0,0.0,0.0,0.0,0.0,0.0,0.52,15.6,0.0,,0.0,702,71,1,30.0,0,0.3,539,68,722,False,3.0,524,62,3,,,45,457,80,0,0,,0,,,0.7,554,73,0,0,0.0,,0.1,516,73,False,,0,0.0,,18,6,0.0,759,88,2,9450,0,7908,0,0.0,0.4,,1,0.2950176000595093
0,Alfie Dorrington,DEF,18,1.3,0,0,0,0,0.0,740,0.0,0.0,0.0,0.0,120,0,0,0.0,0.0,2023-11-11 12:30:00+00:00,0,20,0,0,0,0,12,0,0,0,1,2,0.0,0,0,0,40,0,0,12,2023-24,6,0,,0,0,0,0,TOT,4,,False,0,1170,1230,1110,1150,1230,1310,21,39,0,,0,0,0,0,WOL,3,,False,0,1100,1100,1085,1105,1115,1100,38,0,0,0,,,0,0.0,519321,,,0,0,0,0,0.0,646,246,,,0,2,1.0,1.0,0,0.0,0.0,0.0,0.0,0.0,0.0,0.0,0.0,,0.0,523,205,0,0.0,0,0.0,662,248,740,False,0.0,656,247,0,,,40,777,226,0,0,,0,,,0.0,670,244,0,0,0.0,,0.0,585,223,False,,0,0.0,,18,6,0.0,607,240,0,3240,0,2472,0,0.0,0.0,,0,0.0
