name,position,team,xP,assists,bonus,bps,clean_sheets,creativity,id,expected_assists,expected_goal_involvements,expected_goals,expected_goals_conceded,fixture,goals_conceded,goals_scored,ict_index,influence,kickoff_time,minutes,opponent_team,own_goals,penalties_missed,penalties_saved,red_cards,round,saves,selected,starts,team_a_score,team_h_score,threat,total_points,transfers_balance,transfers_in,transfers_out,cost,was_home,yellow_cards,GW,season,mean_assists,mean_goals_scored,mean_clean_sheets,mean_total_points,mean_goals_conceded,mean_minutes,sum_assists,sum_goals_scored,sum_clean_sheets,sum_total_points,sum_goals_conceded,sum_minutes,mean_saves,mean_penalties_saved,sum_saves,sum_penalties_saved,squad,opponent,start,min,performance_gls,performance_ast,performance_pk,performance_pkatt,performance_sh,performance_sot,performance_crdy,performance_crdr,performance_touches,performance_tkl,performance_int,performance_blocks,expected_xg,expected_npxg,expected_xag,sca_sca,sca_gca,passes_cmp,passes_att,passes_cmp%,passes_prgp,carries_carries,carries_prgc,take-ons_att,take-ons_succ,date,performance_sota,performance_ga,performance_saves,performance_save%,performance_cs,performance_psxg,penalty kicks_pkatt,penalty kicks_pka,penalty kicks_pksv,penalty kicks_pkm,launched_cmp,launched_att,launched_cmp%,passes_att (gk),passes_thr,passes_launch%,passes_avglen,goal kicks_att,goal kicks_launch%,goal kicks_avglen,crosses_opp,crosses_stp,crosses_stp%,sweeper_#opa,sweeper_avgdist,performance_fls,performance_fld,performance_off,performance_crs,performance_tklw,performance_og,performance_pkwon,performance_pkcon,expected_points
Marvelous Nakamba,MID,12,0.0,0,0,0,0,0.0,52,0.0,0.0,0.0,0.0,214,0,0,0.0,0.0,2024-01-30 19:45:00+00:00,0,5,0,0,0,0,22,0,63955,0,0,4,0.0,0,-5667,78,5745,44,1,0,22,2023-24,0.0,0.0,,1.05,,56.55,0.0,0.0,,21.0,,1131.0,,,,,0,0,0,0.0,0.0,0.0,0.0,0.0,0.0,0.0,0.0,0.0,0.0,0.0,0.0,0.0,0.0,0.0,0.0,0.0,0.0,0.0,0.0,0.0,0.0,0.0,0.0,0.0,0.0,0,0.0,0.0,0.0,0.0,0.0,0.0,0.0,0.0,0.0,0.0,0.0,0.0,0.0,0.0,0.0,0.0,0.0,0.0,0.0,0.0,0.0,0.0,0.0,0.0,0.0,0.0,0.0,0.0,0.0,0.0,0.0,0.0,0.0,0.2199999988079071
Simon Adingra,MID,5,0.0,0,0,0,0,0.0,122,0.0,0.0,0.0,0.0,214,0,0,0.0,0.0,2024-01-30 19:45:00+00:00,0,12,0,0,0,0,22,0,41847,0,0,4,0.0,0,-7906,93,7999,50,0,0,22,2023-24,0.047619047619047616,0.19047619047619047,,2.6666666666666665,,54.23809523809524,1.0,4.0,,56.0,,1139.0,,,,,0,0,0,0.0,0.0,0.0,0.0,0.0,0.0,0.0,0.0,0.0,0.0,0.0,0.0,0.0,0.0,0.0,0.0,0.0,0.0,0.0,0.0,0.0,0.0,0.0,0.0,0.0,0.0,0,0.0,0.0,0.0,0.0,0.0,0.0,0.0,0.0,0.0,0.0,0.0,0.0,0.0,0.0,0.0,0.0,0.0,0.0,0.0,0.0,0.0,0.0,0.0,0.0,0.0,0.0,0.0,0.0,0.0,0.0,0.0,0.0,0.0,0.4399999976158142
Steven Alzate,MID,5,0.0,0,0,0,0,0.0,123,0.0,0.0,0.0,0.0,214,0,0,0.0,0.0,2024-01-30 19:45:00+00:00,0,12,0,0,0,0,22,0,4874,0,0,4,0.0,0,-67,0,67,44,0,0,22,2023-24,0.0,0.0,,0.0,,0.0,0.0,0.0,,0.0,,0.0,,,,,0,0,0,0.0,0.0,0.0,0.0,0.0,0.0,0.0,0.0,0.0,0.0,0.0,0.0,0.0,0.0,0.0,0.0,0.0,0.0,0.0,0.0,0.0,0.0,0.0,0.0,0.0,0.0,0,0.0,0.0,0.0,0.0,0.0,0.0,0.0,0.0,0.0,0.0,0.0,0.0,0.0,0.0,0.0,0.0,0.0,0.0,0.0,0.0,0.0,0.0,0.0,0.0,0.0,0.0,0.0,0.0,0.0,0.0,0.0,0.0,0.0,-0.05000000074505806
Yasin Ayari,MID,5,0.0,0,0,0,0,0.0,124,0.0,0.0,0.0,0.0,214,0,0,0.0,0.0,2024-01-30 19:45:00+00:00,0,12,0,0,0,0,22,0,1678,0,0,4,0.0,0,-16,0,16,45,0,0,22,2023-24,0.0,0.0,,0.0,,0.0,0.0,0.0,,0.0,,0.0,,,,,0,0,0,0.0,0.0,0.0,0.0,0.0,0.0,0.0,0.0,0.0,0.0,0.0,0.0,0.0,0.0,0.0,0.0,0.0,0.0,0.0,0.0,0.0,0.0,0.0,0.0,0.0,0.0,0,0.0,0.0,0.0,0.0,0.0,0.0,0.0,0.0,0.0,0.0,0.0,0.0,0.0,0.0,0.0,0.0,0.0,0.0,0.0,0.0,0.0,0.0,0.0,0.0,0.0,0.0,0.0,0.0,0.0,0.0,0.0,0.0,0.0,-0.029999999329447746
Aaron Connolly,FWD,5,0.0,0,0,0,0,0.0,127,0.0,0.0,0.0,0.0,214,0,0,0.0,0.0,2024-01-30 19:45:00+00:00,0,12,0,0,0,0,22,0,1782,0,0,4,0.0,0,-17,0,17,45,0,0,22,2023-24,0.0,0.0,,0.0,,0.0,0.0,0.0,,0.0,,0.0,,,,,0,0,0,0.0,0.0,0.0,0.0,0.0,0.0,0.0,0.0,0.0,0.0,0.0,0.0,0.0,0.0,0.0,0.0,0.0,0.0,0.0,0.0,0.0,0.0,0.0,0.0,0.0,0.0,0,0.0,0.0,0.0,0.0,0.0,0.0,0.0,0.0,0.0,0.0,0.0,0.0,0.0,0.0,0.0,0.0,0.0,0.0,0.0,0.0,0.0,0.0,0.0,0.0,0.0,0.0,0.0,0.0,0.0,0.0,0.0,0.0,0.0,-0.009999999776482582
Mahmoud Dahoud,MID,5,0.5,0,0,0,0,0.0,128,0.0,0.0,0.0,0.0,214,0,0,0.0,0.0,2024-01-30 19:45:00+00:00,0,12,0,0,0,0,22,0,7162,0,0,4,0.0,0,-73,44,117,48,0,0,22,2023-24,0.047619047619047616,0.0,,0.6666666666666666,,21.38095238095238,1.0,0.0,,14.0,,449.0,,,,,0,0,0,0.0,0.0,0.0,0.0,0.0,0.0,0.0,0.0,0.0,0.0,0.0,0.0,0.0,0.0,0.0,0.0,0.0,0.0,0.0,0.0,0.0,0.0,0.0,0.0,0.0,0.0,0,0.0,0.0,0.0,0.0,0.0,0.0,0.0,0.0,0.0,0.0,0.0,0.0,0.0,0.0,0.0,0.0,0.0,0.0,0.0,0.0,0.0,0.0,0.0,0.0,0.0,0.0,0.0,0.0,0.0,0.0,0.0,0.0,0.0,0.10000000149011612
Julio Enciso,MID,5,0.0,0,0,0,0,0.0,130,0.0,0.0,0.0,0.0,214,0,0,0.0,0.0,2024-01-30 19:45:00+00:00,0,12,0,0,0,0,22,0,46781,0,0,4,0.0,0,-331,30,361,50,0,0,22,2023-24,0.09523809523809523,0.0,,0.38095238095238093,,3.238095238095238,2.0,0.0,,8.0,,68.0,,,,,0,0,0,0.0,0.0,0.0,0.0,0.0,0.0,0.0,0.0,0.0,0.0,0.0,0.0,0.0,0.0,0.0,0.0,0.0,0.0,0.0,0.0,0.0,0.0,0.0,0.0,0.0,0.0,0,0.0,0.0,0.0,0.0,0.0,0.0,0.0,0.0,0.0,0.0,0.0,0.0,0.0,0.0,0.0,0.0,0.0,0.0,0.0,0.0,0.0,0.0,0.0,0.0,0.0,0.0,0.0,0.0,0.0,0.0,0.0,0.0,0.0,0.05000000074505806
Michał Karbownik,DEF,5,0.0,0,0,0,0,0.0,136,0.0,0.0,0.0,0.0,214,0,0,0.0,0.0,2024-01-30 19:45:00+00:00,0,12,0,0,0,0,22,0,1296,0,0,4,0.0,0,-15,0,15,40,0,0,22,2023-24,0.0,0.0,0.0,0.0,0.0,0.0,0.0,0.0,0.0,0.0,0.0,0.0,,,,,0,0,0,0.0,0.0,0.0,0.0,0.0,0.0,0.0,0.0,0.0,0.0,0.0,0.0,0.0,0.0,0.0,0.0,0.0,0.0,0.0,0.0,0.0,0.0,0.0,0.0,0.0,0.0,0,0.0,0.0,0.0,0.0,0.0,0.0,0.0,0.0,0.0,0.0,0.0,0.0,0.0,0.0,0.0,0.0,0.0,0.0,0.0,0.0,0.0,0.0,0.0,0.0,0.0,0.0,0.0,0.0,0.0,0.0,0.0,0.0,0.0,0.0
Kacper Kozłowski,MID,5,0.0,0,0,0,0,0.0,137,0.0,0.0,0.0,0.0,214,0,0,0.0,0.0,2024-01-30 19:45:00+00:00,0,12,0,0,0,0,22,0,120,0,0,4,0.0,0,0,0,0,45,0,0,22,2023-24,0.0,0.0,,0.0,,0.0,0.0,0.0,,0.0,,0.0,,,,,0,0,0,0.0,0.0,0.0,0.0,0.0,0.0,0.0,0.0,0.0,0.0,0.0,0.0,0.0,0.0,0.0,0.0,0.0,0.0,0.0,0.0,0.0,0.0,0.0,0.0,0.0,0.0,0,0.0,0.0,0.0,0.0,0.0,0.0,0.0,0.0,0.0,0.0,0.0,0.0,0.0,0.0,0.0,0.0,0.0,0.0,0.0,0.0,0.0,0.0,0.0,0.0,0.0,0.0,0.0,0.0,0.0,0.0,0.0,0.0,0.0,-0.029999999329447746
Solly March,MID,5,0.0,0,0,0,0,0.0,140,0.0,0.0,0.0,0.0,214,0,0,0.0,0.0,2024-01-30 19:45:00+00:00,0,12,0,0,0,0,22,0,230811,0,0,4,0.0,0,-2495,79,2574,61,0,0,22,2023-24,0.047619047619047616,0.14285714285714285,,1.8571428571428572,,26.428571428571427,1.0,3.0,,39.0,,555.0,,,,,0,0,0,0.0,0.0,0.0,0.0,0.0,0.0,0.0,0.0,0.0,0.0,0.0,0.0,0.0,0.0,0.0,0.0,0.0,0.0,0.0,0.0,0.0,0.0,0.0,0.0,0.0,0.0,0,0.0,0.0,0.0,0.0,0.0,0.0,0.0,0.0,0.0,0.0,0.0,0.0,0.0,0.0,0.0,0.0,0.0,0.0,0.0,0.0,0.0,0.0,0.0,0.0,0.0,0.0,0.0,0.0,0.0,0.0,0.0,0.0,0.0,0.5299999713897705
Tom McGill,GK,5,0.5,0,0,0,0,0.0,141,0.0,0.0,0.0,0.0,214,0,0,0.0,0.0,2024-01-30 19:45:00+00:00,0,12,0,0,0,0,22,0,28868,0,0,4,0.0,0,-343,167,510,39,0,0,22,2023-24,,,0.0,0.0,0.0,,,,0.0,0.0,0.0,,0.0,0.0,0.0,0.0,0,0,0,0.0,0.0,0.0,0.0,0.0,0.0,0.0,0.0,0.0,0.0,0.0,0.0,0.0,0.0,0.0,0.0,0.0,0.0,0.0,0.0,0.0,0.0,0.0,0.0,0.0,0.0,0,0.0,0.0,0.0,0.0,0.0,0.0,0.0,0.0,0.0,0.0,0.0,0.0,0.0,0.0,0.0,0.0,0.0,0.0,0.0,0.0,0.0,0.0,0.0,0.0,0.0,0.0,0.0,0.0,0.0,0.0,0.0,0.0,0.0,0.019999999552965164
Kaoru Mitoma,MID,5,0.0,0,0,0,0,0.0,143,0.0,0.0,0.0,0.0,214,0,0,0.0,0.0,2024-01-30 19:45:00+00:00,0,12,0,0,0,0,22,0,1477944,0,0,4,0.0,0,-70213,329,70542,64,0,0,22,2023-24,0.23809523809523808,0.14285714285714285,,3.0,,62.857142857142854,5.0,3.0,,63.0,,1320.0,,,,,0,0,0,0.0,0.0,0.0,0.0,0.0,0.0,0.0,0.0,0.0,0.0,0.0,0.0,0.0,0.0,0.0,0.0,0.0,0.0,0.0,0.0,0.0,0.0,0.0,0.0,0.0,0.0,0,0.0,0.0,0.0,0.0,0.0,0.0,0.0,0.0,0.0,0.0,0.0,0.0,0.0,0.0,0.0,0.0,0.0,0.0,0.0,0.0,0.0,0.0,0.0,0.0,0.0,0.0,0.0,0.0,0.0,0.0,0.0,0.0,0.0,0.7099999785423279
Jeremy Sarmiento Morante,MID,5,0.0,0,0,0,0,0.0,146,0.0,0.0,0.0,0.0,214,0,0,0.0,0.0,2024-01-30 19:45:00+00:00,0,12,0,0,0,0,22,0,854,0,0,4,0.0,0,-4,0,4,45,0,0,22,2023-24,0.0,0.0,,0.0,,0.0,0.0,0.0,,0.0,,0.0,,,,,0,0,0,0.0,0.0,0.0,0.0,0.0,0.0,0.0,0.0,0.0,0.0,0.0,0.0,0.0,0.0,0.0,0.0,0.0,0.0,0.0,0.0,0.0,0.0,0.0,0.0,0.0,0.0,0,0.0,0.0,0.0,0.0,0.0,0.0,0.0,0.0,0.0,0.0,0.0,0.0,0.0,0.0,0.0,0.0,0.0,0.0,0.0,0.0,0.0,0.0,0.0,0.0,0.0,0.0,0.0,0.0,0.0,0.0,0.0,0.0,0.0,-0.029999999329447746
Kjell Scherpen,GK,5,0.0,0,0,0,0,0.0,147,0.0,0.0,0.0,0.0,214,0,0,0.0,0.0,2024-01-30 19:45:00+00:00,0,12,0,0,0,0,22,0,73,0,0,4,0.0,0,0,0,0,40,0,0,22,2023-24,,,0.0,0.0,0.0,,,,0.0,0.0,0.0,,0.0,0.0,0.0,0.0,0,0,0,0.0,0.0,0.0,0.0,0.0,0.0,0.0,0.0,0.0,0.0,0.0,0.0,0.0,0.0,0.0,0.0,0.0,0.0,0.0,0.0,0.0,0.0,0.0,0.0,0.0,0.0,0,0.0,0.0,0.0,0.0,0.0,0.0,0.0,0.0,0.0,0.0,0.0,0.0,0.0,0.0,0.0,0.0,0.0,0.0,0.0,0.0,0.0,0.0,0.0,0.0,0.0,0.0,0.0,0.0,0.0,0.0,0.0,0.0,0.0,0.029999999329447746
Deniz Undav,FWD,5,0.0,0,0,0,0,0.0,149,0.0,0.0,0.0,0.0,214,0,0,0.0,0.0,2024-01-30 19:45:00+00:00,0,12,0,0,0,0,22,0,1424,0,0,4,0.0,0,-2,0,2,55,0,0,22,2023-24,0.0,0.0,,0.0,,0.0,0.0,0.0,,0.0,,0.0,,,,,0,0,0,0.0,0.0,0.0,0.0,0.0,0.0,0.0,0.0,0.0,0.0,0.0,0.0,0.0,0.0,0.0,0.0,0.0,0.0,0.0,0.0,0.0,0.0,0.0,0.0,0.0,0.0,0,0.0,0.0,0.0,0.0,0.0,0.0,0.0,0.0,0.0,0.0,0.0,0.0,0.0,0.0,0.0,0.0,0.0,0.0,0.0,0.0,0.0,0.0,0.0,0.0,0.0,0.0,0.0,0.0,0.0,0.0,0.0,0.0,0.0,0.10000000149011612
Joël Veltman,DEF,5,0.0,0,0,0,0,0.0,151,0.0,0.0,0.0,0.0,214,0,0,0.0,0.0,2024-01-30 19:45:00+00:00,0,12,0,0,0,0,22,0,49240,0,0,4,0.0,0,-3033,55,3088,43,0,0,22,2023-24,0.047619047619047616,0.0,0.0,0.9523809523809523,0.9523809523809523,43.23809523809524,1.0,0.0,0.0,20.0,20.0,908.0,,,,,0,0,0,0.0,0.0,0.0,0.0,0.0,0.0,0.0,0.0,0.0,0.0,0.0,0.0,0.0,0.0,0.0,0.0,0.0,0.0,0.0,0.0,0.0,0.0,0.0,0.0,0.0,0.0,0,0.0,0.0,0.0,0.0,0.0,0.0,0.0,0.0,0.0,0.0,0.0,0.0,0.0,0.0,0.0,0.0,0.0,0.0,0.0,0.0,0.0,0.0,0.0,0.0,0.0,0.0,0.0,0.0,0.0,0.0,0.0,0.0,0.0,0.27000001072883606
Andi Zeqiri,FWD,5,0.0,0,0,0,0,0.0,155,0.0,0.0,0.0,0.0,214,0,0,0.0,0.0,2024-01-30 19:45:00+00:00,0,12,0,0,0,0,22,0,47543,0,0,4,0.0,0,-862,0,862,44,0,0,22,2023-24,0.0,0.0,,0.0,,0.0,0.0,0.0,,0.0,,0.0,,,,,0,0,0,0.0,0.0,0.0,0.0,0.0,0.0,0.0,0.0,0.0,0.0,0.0,0.0,0.0,0.0,0.0,0.0,0.0,0.0,0.0,0.0,0.0,0.0,0.0,0.0,0.0,0.0,0,0.0,0.0,0.0,0.0,0.0,0.0,0.0,0.0,0.0,0.0,0.0,0.0,0.0,0.0,0.0,0.0,0.0,0.0,0.0,0.0,0.0,0.0,0.0,0.0,0.0,0.0,0.0,0.0,0.0,0.0,0.0,0.0,0.0,-0.019999999552965164
Mads Juel Andersen,DEF,12,0.0,0,0,0,0,0.0,315,0.0,0.0,0.0,0.0,214,0,0,0.0,0.0,2024-01-30 19:45:00+00:00,0,5,0,0,0,0,22,0,70877,0,0,4,0.0,0,-4294,213,4507,39,1,0,22,2023-24,0.0,0.05,0.0,0.75,0.3,19.85,0.0,1.0,0.0,15.0,6.0,397.0,,,,,0,0,0,0.0,0.0,0.0,0.0,0.0,0.0,0.0,0.0,0.0,0.0,0.0,0.0,0.0,0.0,0.0,0.0,0.0,0.0,0.0,0.0,0.0,0.0,0.0,0.0,0.0,0.0,0,0.0,0.0,0.0,0.0,0.0,0.0,0.0,0.0,0.0,0.0,0.0,0.0,0.0,0.0,0.0,0.0,0.0,0.0,0.0,0.0,0.0,0.0,0.0,0.0,0.0,0.0,0.0,0.0,0.0,0.0,0.0,0.0,0.0,0.20000000298023224
Allan Campbell,MID,12,0.0,0,0,0,0,0.0,319,0.0,0.0,0.0,0.0,214,0,0,0.0,0.0,2024-01-30 19:45:00+00:00,0,5,0,0,0,0,22,0,1384,0,0,4,0.0,0,-6,0,6,49,1,0,22,2023-24,0.0,0.0,,0.0,,0.0,0.0,0.0,,0.0,,0.0,,,,,0,0,0,0.0,0.0,0.0,0.0,0.0,0.0,0.0,0.0,0.0,0.0,0.0,0.0,0.0,0.0,0.0,0.0,0.0,0.0,0.0,0.0,0.0,0.0,0.0,0.0,0.0,0.0,0,0.0,0.0,0.0,0.0,0.0,0.0,0.0,0.0,0.0,0.0,0.0,0.0,0.0,0.0,0.0,0.0,0.0,0.0,0.0,0.0,0.0,0.0,0.0,0.0,0.0,0.0,0.0,0.0,0.0,0.0,0.0,0.0,0.0,0.05999999865889549
Luke Freeman,MID,12,0.0,0,0,0,0,0.0,322,0.0,0.0,0.0,0.0,214,0,0,0.0,0.0,2024-01-30 19:45:00+00:00,0,5,0,0,0,0,22,0,854,0,0,4,0.0,0,-4,0,4,49,1,0,22,2023-24,0.0,0.0,,0.0,,0.0,0.0,0.0,,0.0,,0.0,,,,,0,0,0,0.0,0.0,0.0,0.0,0.0,0.0,0.0,0.0,0.0,0.0,0.0,0.0,0.0,0.0,0.0,0.0,0.0,0.0,0.0,0.0,0.0,0.0,0.0,0.0,0.0,0.0,0,0.0,0.0,0.0,0.0,0.0,0.0,0.0,0.0,0.0,0.0,0.0,0.0,0.0,0.0,0.0,0.0,0.0,0.0,0.0,0.0,0.0,0.0,0.0,0.0,0.0,0.0,0.0,0.0,0.0,0.0,0.0,0.0,0.0,0.05999999865889549
Matt Macey,GK,12,0.0,0,0,0,0,0.0,323,0.0,0.0,0.0,0.0,214,0,0,0.0,0.0,2024-01-30 19:45:00+00:00,0,5,0,0,0,0,22,0,20458,0,0,4,0.0,0,-392,0,392,40,1,0,22,2023-24,,,0.0,0.0,0.0,,,,0.0,0.0,0.0,,0.0,0.0,0.0,0.0,0,0,0,0.0,0.0,0.0,0.0,0.0,0.0,0.0,0.0,0.0,0.0,0.0,0.0,0.0,0.0,0.0,0.0,0.0,0.0,0.0,0.0,0.0,0.0,0.0,0.0,0.0,0.0,0,0.0,0.0,0.0,0.0,0.0,0.0,0.0,0.0,0.0,0.0,0.0,0.0,0.0,0.0,0.0,0.0,0.0,0.0,0.0,0.0,0.0,0.0,0.0,0.0,0.0,0.0,0.0,0.0,0.0,0.0,0.0,0.0,0.0,0.07999999821186066
John McAtee,FWD,12,0.0,0,0,0,0,0.0,324,0.0,0.0,0.0,0.0,214,0,0,0.0,0.0,2024-01-30 19:45:00+00:00,0,5,0,0,0,0,22,0,44643,0,0,4,0.0,0,-1041,0,1041,45,1,0,22,2023-24,0.0,0.0,,0.0,,0.0,0.0,0.0,,0.0,,0.0,,,,,0,0,0,0.0,0.0,0.0,0.0,0.0,0.0,0.0,0.0,0.0,0.0,0.0,0.0,0.0,0.0,0.0,0.0,0.0,0.0,0.0,0.0,0.0,0.0,0.0,0.0,0.0,0.0,0,0.0,0.0,0.0,0.0,0.0,0.0,0.0,0.0,0.0,0.0,0.0,0.0,0.0,0.0,0.0,0.0,0.0,0.0,0.0,0.0,0.0,0.0,0.0,0.0,0.0,0.0,0.0,0.0,0.0,0.0,0.0,0.0,0.0,0.0
Carlos Mendes Gomes,MID,12,0.0,0,0,0,0,0.0,325,0.0,0.0,0.0,0.0,214,0,0,0.0,0.0,2024-01-30 19:45:00+00:00,0,5,0,0,0,0,22,0,724,0,0,4,0.0,0,-10,0,10,45,1,0,22,2023-24,0.0,0.0,,0.0,,0.0,0.0,0.0,,0.0,,0.0,,,,,0,0,0,0.0,0.0,0.0,0.0,0.0,0.0,0.0,0.0,0.0,0.0,0.0,0.0,0.0,0.0,0.0,0.0,0.0,0.0,0.0,0.0,0.0,0.0,0.0,0.0,0.0,0.0,0,0.0,0.0,0.0,0.0,0.0,0.0,0.0,0.0,0.0,0.0,0.0,0.0,0.0,0.0,0.0,0.0,0.0,0.0,0.0,0.0,0.0,0.0,0.0,0.0,0.0,0.0,0.0,0.0,0.0,0.0,0.0,0.0,0.0,0.0
Admiral Muskwe,FWD,12,0.0,0,0,0,0,0.0,327,0.0,0.0,0.0,0.0,214,0,0,0.0,0.0,2024-01-30 19:45:00+00:00,0,5,0,0,0,0,22,0,6207,0,0,4,0.0,0,-90,0,90,45,1,0,22,2023-24,0.0,0.0,,0.0,,0.0,0.0,0.0,,0.0,,0.0,,,,,0,0,0,0.0,0.0,0.0,0.0,0.0,0.0,0.0,0.0,0.0,0.0,0.0,0.0,0.0,0.0,0.0,0.0,0.0,0.0,0.0,0.0,0.0,0.0,0.0,0.0,0.0,0.0,0,0.0,0.0,0.0,0.0,0.0,0.0,0.0,0.0,0.0,0.0,0.0,0.0,0.0,0.0,0.0,0.0,0.0,0.0,0.0,0.0,0.0,0.0,0.0,0.0,0.0,0.0,0.0,0.0,0.0,0.0,0.0,0.0,0.0,0.0
Fred Onyedinma,MID,12,0.0,0,0,0,0,0.0,329,0.0,0.0,0.0,0.0,214,0,0,0.0,0.0,2024-01-30 19:45:00+00:00,0,5,0,0,0,0,22,0,118,0,0,4,0.0,0,-1,0,1,50,1,0,22,2023-24,0.0,0.0,,0.0,,0.0,0.0,0.0,,0.0,,0.0,,,,,0,0,0,0.0,0.0,0.0,0.0,0.0,0.0,0.0,0.0,0.0,0.0,0.0,0.0,0.0,0.0,0.0,0.0,0.0,0.0,0.0,0.0,0.0,0.0,0.0,0.0,0.0,0.0,0,0.0,0.0,0.0,0.0,0.0,0.0,0.0,0.0,0.0,0.0,0.0,0.0,0.0,0.0,0.0,0.0,0.0,0.0,0.0,0.0,0.0,0.0,0.0,0.0,0.0,0.0,0.0,0.0,0.0,0.0,0.0,0.0,0.0,0.07999999821186066
Aribim Pepple,FWD,12,0.0,0,0,0,0,0.0,331,0.0,0.0,0.0,0.0,214,0,0,0.0,0.0,2024-01-30 19:45:00+00:00,0,5,0,0,0,0,22,0,5726,0,0,4,0.0,0,-91,0,91,45,1,0,22,2023-24,0.0,0.0,,0.0,,0.0,0.0,0.0,,0.0,,0.0,,,,,0,0,0,0.0,0.0,0.0,0.0,0.0,0.0,0.0,0.0,0.0,0.0,0.0,0.0,0.0,0.0,0.0,0.0,0.0,0.0,0.0,0.0,0.0,0.0,0.0,0.0,0.0,0.0,0,0.0,0.0,0.0,0.0,0.0,0.0,0.0,0.0,0.0,0.0,0.0,0.0,0.0,0.0,0.0,0.0,0.0,0.0,0.0,0.0,0.0,0.0,0.0,0.0,0.0,0.0,0.0,0.0,0.0,0.0,0.0,0.0,0.0,0.0
Dion Pereira,MID,12,0.0,0,0,0,0,0.0,332,0.0,0.0,0.0,0.0,214,0,0,0.0,0.0,2024-01-30 19:45:00+00:00,0,5,0,0,0,0,22,0,4881,0,0,4,0.0,0,-81,0,81,44,1,0,22,2023-24,0.0,0.0,,0.0,,0.0,0.0,0.0,,0.0,,0.0,,,,,0,0,0,0.0,0.0,0.0,0.0,0.0,0.0,0.0,0.0,0.0,0.0,0.0,0.0,0.0,0.0,0.0,0.0,0.0,0.0,0.0,0.0,0.0,0.0,0.0,0.0,0.0,0.0,0,0.0,0.0,0.0,0.0,0.0,0.0,0.0,0.0,0.0,0.0,0.0,0.0,0.0,0.0,0.0,0.0,0.0,0.0,0.0,0.0,0.0,0.0,0.0,0.0,0.0,0.0,0.0,0.0,0.0,0.0,0.0,0.0,0.0,-0.019999999552965164
Dan Potts,DEF,12,-0.5,0,0,0,0,0.0,333,0.0,0.0,0.0,0.0,214,0,0,0.0,0.0,2024-01-30 19:45:00+00:00,0,5,0,0,0,0,22,0,7738,0,0,4,0.0,0,79,390,311,39,1,0,22,2023-24,0.0,0.0,0.0,0.0,0.0,0.0,0.0,0.0,0.0,0.0,0.0,0.0,,,,,0,0,0,0.0,0.0,0.0,0.0,0.0,0.0,0.0,0.0,0.0,0.0,0.0,0.0,0.0,0.0,0.0,0.0,0.0,0.0,0.0,0.0,0.0,0.0,0.0,0.0,0.0,0.0,0,0.0,0.0,0.0,0.0,0.0,0.0,0.0,0.0,0.0,0.0,0.0,0.0,0.0,0.0,0.0,0.0,0.0,0.0,0.0,0.0,0.0,0.0,0.0,0.0,0.0,0.0,0.0,0.0,0.0,0.0,0.0,0.0,0.0,0.019999999552965164
Glen Rea,MID,12,0.0,0,0,0,0,0.0,334,0.0,0.0,0.0,0.0,214,0,0,0.0,0.0,2024-01-30 19:45:00+00:00,0,5,0,0,0,0,22,0,2123,0,0,4,0.0,0,-39,0,39,44,1,0,22,2023-24,0.0,0.0,,0.0,,0.0,0.0,0.0,,0.0,,0.0,,,,,0,0,0,0.0,0.0,0.0,0.0,0.0,0.0,0.0,0.0,0.0,0.0,0.0,0.0,0.0,0.0,0.0,0.0,0.0,0.0,0.0,0.0,0.0,0.0,0.0,0.0,0.0,0.0,0,0.0,0.0,0.0,0.0,0.0,0.0,0.0,0.0,0.0,0.0,0.0,0.0,0.0,0.0,0.0,0.0,0.0,0.0,0.0,0.0,0.0,0.0,0.0,0.0,0.0,0.0,0.0,0.0,0.0,0.0,0.0,0.0,0.0,-0.019999999552965164
James Shea,GK,12,-0.5,0,0,0,0,0.0,335,0.0,0.0,0.0,0.0,214,0,0,0.0,0.0,2024-01-30 19:45:00+00:00,0,5,0,0,0,0,22,0,12245,0,0,4,0.0,0,-111,114,225,43,1,0,22,2023-24,,,0.0,0.0,0.0,,,,0.0,0.0,0.0,,0.0,0.0,0.0,0.0,0,0,0,0.0,0.0,0.0,0.0,0.0,0.0,0.0,0.0,0.0,0.0,0.0,0.0,0.0,0.0,0.0,0.0,0.0,0.0,0.0,0.0,0.0,0.0,0.0,0.0,0.0,0.0,0,0.0,0.0,0.0,0.0,0.0,0.0,0.0,0.0,0.0,0.0,0.0,0.0,0.0,0.0,0.0,0.0,0.0,0.0,0.0,0.0,0.0,0.0,0.0,0.0,0.0,0.0,0.0,0.0,0.0,0.0,0.0,0.0,0.0,0.11999999731779099
Joe Taylor,FWD,12,0.0,0,0,0,0,0.0,336,0.0,0.0,0.0,0.0,214,0,0,0.0,0.0,2024-01-30 19:45:00+00:00,0,5,0,0,0,0,22,0,7355,0,0,4,0.0,0,-151,0,151,45,1,0,22,2023-24,0.0,0.0,,0.0,,0.0,0.0,0.0,,0.0,,0.0,,,,,0,0,0,0.0,0.0,0.0,0.0,0.0,0.0,0.0,0.0,0.0,0.0,0.0,0.0,0.0,0.0,0.0,0.0,0.0,0.0,0.0,0.0,0.0,0.0,0.0,0.0,0.0,0.0,0,0.0,0.0,0.0,0.0,0.0,0.0,0.0,0.0,0.0,0.0,0.0,0.0,0.0,0.0,0.0,0.0,0.0,0.0,0.0,0.0,0.0,0.0,0.0,0.0,0.0,0.0,0.0,0.0,0.0,0.0,0.0,0.0,0.0,0.0
Elliot Thorpe,MID,12,0.0,0,0,0,0,0.0,337,0.0,0.0,0.0,0.0,214,0,0,0.0,0.0,2024-01-30 19:45:00+00:00,0,5,0,0,0,0,22,0,374,0,0,4,0.0,0,-5,0,5,45,1,0,22,2023-24,0.0,0.0,,0.0,,0.0,0.0,0.0,,0.0,,0.0,,,,,0,0,0,0.0,0.0,0.0,0.0,0.0,0.0,0.0,0.0,0.0,0.0,0.0,0.0,0.0,0.0,0.0,0.0,0.0,0.0,0.0,0.0,0.0,0.0,0.0,0.0,0.0,0.0,0,0.0,0.0,0.0,0.0,0.0,0.0,0.0,0.0,0.0,0.0,0.0,0.0,0.0,0.0,0.0,0.0,0.0,0.0,0.0,0.0,0.0,0.0,0.0,0.0,0.0,0.0,0.0,0.0,0.0,0.0,0.0,0.0,0.0,0.0
Jack Walton,GK,12,0.0,0,0,0,0,0.0,338,0.0,0.0,0.0,0.0,214,0,0,0.0,0.0,2024-01-30 19:45:00+00:00,0,5,0,0,0,0,22,0,839,0,0,4,0.0,0,-19,0,19,40,1,0,22,2023-24,,,0.0,0.0,0.0,,,,0.0,0.0,0.0,,0.0,0.0,0.0,0.0,0,0,0,0.0,0.0,0.0,0.0,0.0,0.0,0.0,0.0,0.0,0.0,0.0,0.0,0.0,0.0,0.0,0.0,0.0,0.0,0.0,0.0,0.0,0.0,0.0,0.0,0.0,0.0,0,0.0,0.0,0.0,0.0,0.0,0.0,0.0,0.0,0.0,0.0,0.0,0.0,0.0,0.0,0.0,0.0,0.0,0.0,0.0,0.0,0.0,0.0,0.0,0.0,0.0,0.0,0.0,0.0,0.0,0.0,0.0,0.0,0.0,0.07999999821186066
Louie Watson,MID,12,0.0,0,0,0,0,0.0,339,0.0,0.0,0.0,0.0,214,0,0,0.0,0.0,2024-01-30 19:45:00+00:00,0,5,0,0,0,0,22,0,12677,0,0,4,0.0,0,-244,0,244,44,1,0,22,2023-24,0.0,0.0,,0.0,,0.0,0.0,0.0,,0.0,,0.0,,,,,0,0,0,0.0,0.0,0.0,0.0,0.0,0.0,0.0,0.0,0.0,0.0,0.0,0.0,0.0,0.0,0.0,0.0,0.0,0.0,0.0,0.0,0.0,0.0,0.0,0.0,0.0,0.0,0,0.0,0.0,0.0,0.0,0.0,0.0,0.0,0.0,0.0,0.0,0.0,0.0,0.0,0.0,0.0,0.0,0.0,0.0,0.0,0.0,0.0,0.0,0.0,0.0,0.0,0.0,0.0,0.0,0.0,0.0,0.0,0.0,0.0,-0.019999999552965164
Teden Mengi,DEF,12,0.5,0,0,0,0,0.0,393,0.0,0.0,0.0,0.0,214,0,0,0.0,0.0,2024-01-30 19:45:00+00:00,0,5,0,0,0,0,22,0,205592,0,0,4,0.0,0,-9084,3355,12439,40,1,0,22,2023-24,0.0,0.047619047619047616,0.047619047619047616,1.3333333333333333,1.1428571428571428,58.095238095238095,0.0,1.0,1.0,28.0,24.0,1220.0,,,,,0,0,0,0.0,0.0,0.0,0.0,0.0,0.0,0.0,0.0,0.0,0.0,0.0,0.0,0.0,0.0,0.0,0.0,0.0,0.0,0.0,0.0,0.0,0.0,0.0,0.0,0.0,0.0,0,0.0,0.0,0.0,0.0,0.0,0.0,0.0,0.0,0.0,0.0,0.0,0.0,0.0,0.0,0.0,0.0,0.0,0.0,0.0,0.0,0.0,0.0,0.0,0.0,0.0,0.0,0.0,0.0,0.0,0.0,0.0,0.0,0.0,0.019999999552965164
Ryan Giles,DEF,12,-0.5,0,0,0,0,0.0,553,0.0,0.0,0.0,0.0,214,0,0,0.0,0.0,2024-01-30 19:45:00+00:00,0,5,0,0,0,0,22,0,9775,0,0,4,0.0,0,-176,94,270,42,1,0,22,2023-24,0.0,0.0,0.0,0.55,0.7,24.9,0.0,0.0,0.0,11.0,14.0,498.0,,,,,0,0,0,0.0,0.0,0.0,0.0,0.0,0.0,0.0,0.0,0.0,0.0,0.0,0.0,0.0,0.0,0.0,0.0,0.0,0.0,0.0,0.0,0.0,0.0,0.0,0.0,0.0,0.0,0,0.0,0.0,0.0,0.0,0.0,0.0,0.0,0.0,0.0,0.0,0.0,0.0,0.0,0.0,0.0,0.0,0.0,0.0,0.0,0.0,0.0,0.0,0.0,0.0,0.0,0.0,0.0,0.0,0.0,0.0,0.0,0.0,0.0,0.0
Tom Lockyer,DEF,12,0.0,0,0,0,0,0.0,575,0.0,0.0,0.0,0.0,214,0,0,0.0,0.0,2024-01-30 19:45:00+00:00,0,5,0,0,0,0,22,0,13363,0,0,4,0.0,0,-1036,43,1079,42,1,0,22,2023-24,0.05,0.05,0.0,1.15,1.15,58.45,1.0,1.0,0.0,23.0,23.0,1169.0,,,,,0,0,0,0.0,0.0,0.0,0.0,0.0,0.0,0.0,0.0,0.0,0.0,0.0,0.0,0.0,0.0,0.0,0.0,0.0,0.0,0.0,0.0,0.0,0.0,0.0,0.0,0.0,0.0,0,0.0,0.0,0.0,0.0,0.0,0.0,0.0,0.0,0.0,0.0,0.0,0.0,0.0,0.0,0.0,0.0,0.0,0.0,0.0,0.0,0.0,0.0,0.0,0.0,0.0,0.0,0.0,0.0,0.0,0.0,0.0,0.0,0.0,0.3499999940395355
Issa Kaboré,DEF,12,0.0,0,0,0,0,0.0,602,0.0,0.0,0.0,0.0,214,0,0,0.0,0.0,2024-01-30 19:45:00+00:00,0,5,0,0,0,0,22,0,339765,0,0,4,0.0,0,-28714,193,28907,40,1,0,22,2023-24,0.1,0.0,0.0,1.25,1.15,52.35,2.0,0.0,0.0,25.0,23.0,1047.0,,,,,0,0,0,0.0,0.0,0.0,0.0,0.0,0.0,0.0,0.0,0.0,0.0,0.0,0.0,0.0,0.0,0.0,0.0,0.0,0.0,0.0,0.0,0.0,0.0,0.0,0.0,0.0,0.0,0,0.0,0.0,0.0,0.0,0.0,0.0,0.0,0.0,0.0,0.0,0.0,0.0,0.0,0.0,0.0,0.0,0.0,0.0,0.0,0.0,0.0,0.0,0.0,0.0,0.0,0.0,0.0,0.0,0.0,0.0,0.0,0.0,0.0,0.30000001192092896
Jacob Brown,FWD,12,0.0,0,0,0,0,0.0,631,0.0,0.0,0.0,0.0,214,0,0,0.0,0.0,2024-01-30 19:45:00+00:00,0,5,0,0,0,0,22,0,14698,0,0,4,0.0,0,-1127,192,1319,49,1,0,22,2023-24,0.05,0.1,,1.9,,50.1,1.0,2.0,,38.0,,1002.0,,,,,0,0,0,0.0,0.0,0.0,0.0,0.0,0.0,0.0,0.0,0.0,0.0,0.0,0.0,0.0,0.0,0.0,0.0,0.0,0.0,0.0,0.0,0.0,0.0,0.0,0.0,0.0,0.0,0,0.0,0.0,0.0,0.0,0.0,0.0,0.0,0.0,0.0,0.0,0.0,0.0,0.0,0.0,0.0,0.0,0.0,0.0,0.0,0.0,0.0,0.0,0.0,0.0,0.0,0.0,0.0,0.0,0.0,0.0,0.0,0.0,0.0,0.3799999952316284
Aidan Francis-Clarke,DEF,12,0.0,0,0,0,0,0.0,648,0.0,0.0,0.0,0.0,214,0,0,0.0,0.0,2024-01-30 19:45:00+00:00,0,5,0,0,0,0,22,0,1734,0,0,4,0.0,0,-13,0,13,40,1,0,22,2023-24,0.0,0.0,0.0,0.0,0.0,0.0,0.0,0.0,0.0,0.0,0.0,0.0,,,,,0,0,0,0.0,0.0,0.0,0.0,0.0,0.0,0.0,0.0,0.0,0.0,0.0,0.0,0.0,0.0,0.0,0.0,0.0,0.0,0.0,0.0,0.0,0.0,0.0,0.0,0.0,0.0,0,0.0,0.0,0.0,0.0,0.0,0.0,0.0,0.0,0.0,0.0,0.0,0.0,0.0,0.0,0.0,0.0,0.0,0.0,0.0,0.0,0.0,0.0,0.0,0.0,0.0,0.0,0.0,0.0,0.0,0.0,0.0,0.0,0.0,0.03999999910593033
Tim Krul,GK,12,-0.5,0,0,0,0,0.0,665,0.0,0.0,0.0,0.0,214,0,0,0.0,0.0,2024-01-30 19:45:00+00:00,0,5,0,0,0,0,22,0,4581,0,0,4,0.0,0,5,126,121,44,1,0,22,2023-24,,,0.0,0.0,0.0,,,,0.0,0.0,0.0,,0.0,0.0,0.0,0.0,0,0,0,0.0,0.0,0.0,0.0,0.0,0.0,0.0,0.0,0.0,0.0,0.0,0.0,0.0,0.0,0.0,0.0,0.0,0.0,0.0,0.0,0.0,0.0,0.0,0.0,0.0,0.0,0,0.0,0.0,0.0,0.0,0.0,0.0,0.0,0.0,0.0,0.0,0.0,0.0,0.0,0.0,0.0,0.0,0.0,0.0,0.0,0.0,0.0,0.0,0.0,0.0,0.0,0.0,0.0,0.0,0.0,0.0,0.0,0.0,0.0,0.11999999731779099
Anssumane Fati Vieira,MID,5,0.0,0,0,0,0,0.0,700,0.0,0.0,0.0,0.0,214,0,0,0.0,0.0,2024-01-30 19:45:00+00:00,0,12,0,0,0,0,22,0,34903,0,0,4,0.0,0,-1086,60,1146,64,0,0,22,2023-24,0.0,0.1111111111111111,,1.1666666666666667,,15.88888888888889,0.0,2.0,,21.0,,286.0,,,,,0,0,0,0.0,0.0,0.0,0.0,0.0,0.0,0.0,0.0,0.0,0.0,0.0,0.0,0.0,0.0,0.0,0.0,0.0,0.0,0.0,0.0,0.0,0.0,0.0,0.0,0.0,0.0,0,0.0,0.0,0.0,0.0,0.0,0.0,0.0,0.0,0.0,0.0,0.0,0.0,0.0,0.0,0.0,0.0,0.0,0.0,0.0,0.0,0.0,0.0,0.0,0.0,0.0,0.0,0.0,0.0,0.0,0.0,0.0,0.0,0.0,0.5
Jayden Luker,MID,12,0.0,0,0,0,0,0.0,729,0.0,0.0,0.0,0.0,214,0,0,0.0,0.0,2024-01-30 19:45:00+00:00,0,5,0,0,0,0,22,0,369,0,0,4,0.0,0,-29,15,44,45,1,0,22,2023-24,0.0,0.0,,0.0,,0.0,0.0,0.0,,0.0,,0.0,,,,,0,0,0,0.0,0.0,0.0,0.0,0.0,0.0,0.0,0.0,0.0,0.0,0.0,0.0,0.0,0.0,0.0,0.0,0.0,0.0,0.0,0.0,0.0,0.0,0.0,0.0,0.0,0.0,0,0.0,0.0,0.0,0.0,0.0,0.0,0.0,0.0,0.0,0.0,0.0,0.0,0.0,0.0,0.0,0.0,0.0,0.0,0.0,0.0,0.0,0.0,0.0,0.0,0.0,0.0,0.0,0.0,0.0,0.0,0.0,0.0,0.0,0.0
Mark O’Mahony,FWD,5,0.5,0,0,0,0,0.0,741,0.0,0.0,0.0,0.0,214,0,0,0.0,0.0,2024-01-30 19:45:00+00:00,0,12,0,0,0,0,22,0,2128,0,0,4,0.0,0,-64,153,217,45,0,0,22,2023-24,0.0,0.0,,0.0,,0.0,0.0,0.0,,0.0,,0.0,,,,,0,0,0,0.0,0.0,0.0,0.0,0.0,0.0,0.0,0.0,0.0,0.0,0.0,0.0,0.0,0.0,0.0,0.0,0.0,0.0,0.0,0.0,0.0,0.0,0.0,0.0,0.0,0.0,0,0.0,0.0,0.0,0.0,0.0,0.0,0.0,0.0,0.0,0.0,0.0,0.0,0.0,0.0,0.0,0.0,0.0,0.0,0.0,0.0,0.0,0.0,0.0,0.0,0.0,0.0,0.0,0.0,0.0,0.0,0.0,0.0,0.0,-0.009999999776482582
Ben Jackson,DEF,5,0.5,0,0,0,0,0.0,746,0.0,0.0,0.0,0.0,214,0,0,0.0,0.0,2024-01-30 19:45:00+00:00,0,12,0,0,0,0,22,0,2542,0,0,4,0.0,0,61,226,165,40,0,0,22,2023-24,0.0,0.0,0.0,0.0,0.0,0.0,0.0,0.0,0.0,0.0,0.0,0.0,,,,,0,0,0,0.0,0.0,0.0,0.0,0.0,0.0,0.0,0.0,0.0,0.0,0.0,0.0,0.0,0.0,0.0,0.0,0.0,0.0,0.0,0.0,0.0,0.0,0.0,0.0,0.0,0.0,0,0.0,0.0,0.0,0.0,0.0,0.0,0.0,0.0,0.0,0.0,0.0,0.0,0.0,0.0,0.0,0.0,0.0,0.0,0.0,0.0,0.0,0.0,0.0,0.0,0.0,0.0,0.0,0.0,0.0,0.0,0.0,0.0,0.0,0.0
Joshua Duffus,MID,5,0.5,0,0,0,0,0.0,747,0.0,0.0,0.0,0.0,214,0,0,0.0,0.0,2024-01-30 19:45:00+00:00,0,12,0,0,0,0,22,0,282,0,0,4,0.0,0,8,30,22,44,0,0,22,2023-24,0.0,0.0,,0.0,,0.0,0.0,0.0,,0.0,,0.0,,,,,0,0,0,0.0,0.0,0.0,0.0,0.0,0.0,0.0,0.0,0.0,0.0,0.0,0.0,0.0,0.0,0.0,0.0,0.0,0.0,0.0,0.0,0.0,0.0,0.0,0.0,0.0,0.0,0,0.0,0.0,0.0,0.0,0.0,0.0,0.0,0.0,0.0,0.0,0.0,0.0,0.0,0.0,0.0,0.0,0.0,0.0,0.0,0.0,0.0,0.0,0.0,0.0,0.0,0.0,0.0,0.0,0.0,0.0,0.0,0.0,0.0,-0.05000000074505806
Leigh Kavanagh,DEF,5,0.5,0,0,0,0,0.0,753,0.0,0.0,0.0,0.0,214,0,0,0.0,0.0,2024-01-30 19:45:00+00:00,0,12,0,0,0,0,22,0,1101,0,0,4,0.0,0,21,77,56,40,0,0,22,2023-24,0.0,0.0,0.0,0.0,0.0,0.0,0.0,0.0,0.0,0.0,0.0,0.0,,,,,0,0,0,0.0,0.0,0.0,0.0,0.0,0.0,0.0,0.0,0.0,0.0,0.0,0.0,0.0,0.0,0.0,0.0,0.0,0.0,0.0,0.0,0.0,0.0,0.0,0.0,0.0,0.0,0,0.0,0.0,0.0,0.0,0.0,0.0,0.0,0.0,0.0,0.0,0.0,0.0,0.0,0.0,0.0,0.0,0.0,0.0,0.0,0.0,0.0,0.0,0.0,0.0,0.0,0.0,0.0,0.0,0.0,0.0,0.0,0.0,0.0,0.0
Luca Barrington,MID,5,0.5,0,0,0,0,0.0,755,0.0,0.0,0.0,0.0,214,0,0,0.0,0.0,2024-01-30 19:45:00+00:00,0,12,0,0,0,0,22,0,208,0,0,4,0.0,0,-2,23,25,45,0,0,22,2023-24,0.0,0.0,,0.0,,0.0,0.0,0.0,,0.0,,0.0,,,,,0,0,0,0.0,0.0,0.0,0.0,0.0,0.0,0.0,0.0,0.0,0.0,0.0,0.0,0.0,0.0,0.0,0.0,0.0,0.0,0.0,0.0,0.0,0.0,0.0,0.0,0.0,0.0,0,0.0,0.0,0.0,0.0,0.0,0.0,0.0,0.0,0.0,0.0,0.0,0.0,0.0,0.0,0.0,0.0,0.0,0.0,0.0,0.0,0.0,0.0,0.0,0.0,0.0,0.0,0.0,0.0,0.0,0.0,0.0,0.0,0.0,-0.029999999329447746
Cameron Peupion,MID,5,0.5,0,0,0,0,0.0,786,0.0,0.0,0.0,0.0,214,0,0,0.0,0.0,2024-01-30 19:45:00+00:00,0,12,0,0,0,0,22,0,17,0,0,4,0.0,0,9,9,0,45,0,0,22,2023-24,0.0,0.0,,0.0,,0.0,0.0,0.0,,0.0,,0.0,,,,,0,0,0,0.0,0.0,0.0,0.0,0.0,0.0,0.0,0.0,0.0,0.0,0.0,0.0,0.0,0.0,0.0,0.0,0.0,0.0,0.0,0.0,0.0,0.0,0.0,0.0,0.0,0.0,0,0.0,0.0,0.0,0.0,0.0,0.0,0.0,0.0,0.0,0.0,0.0,0.0,0.0,0.0,0.0,0.0,0.0,0.0,0.0,0.0,0.0,0.0,0.0,0.0,0.0,0.0,0.0,0.0,0.0,0.0,0.0,0.0,0.0,0.10000000149011612
Elijah Adebayo,FWD,12,9.0,0,3,80,1,15.6,0480ebc7,0.01,0.95,0.94,0.36,214,0,3,20.7,101.6,2024-01-30 19:45:00+00:00,70,5,0,0,0,0,22,0,109476,1,0,4,90.0,17,-12950,6083,19033,48,1,0,22,2023-24,0.0,0.25,,2.6,,45.1,0.0,5.0,,52.0,,902.0,,,,,e297cd13,d07537b9,1,70.0,3.0,0.0,0.0,0.0,4.0,3.0,0.0,0.0,23.0,0.0,0.0,0.0,1.5,1.5,0.1,4.0,1.0,8.0,10.0,80.0,3.0,16.0,4.0,7.0,3.0,2024-01-30,,,,,,,,,,,,,,,,,,,,,,,,,,,,,,,,,,3.069999933242798
Albert Sambi Lokonga,MID,12,3.0,1,0,18,1,13.8,1b4f1169,0.13,0.15,0.02,0.36,214,0,0,3.9,23.2,2024-01-30 19:45:00+00:00,67,5,0,0,0,0,22,0,1980,1,0,4,2.0,5,-85,72,157,49,1,1,22,2023-24,0.047619047619047616,0.0,,0.8095238095238095,,23.428571428571427,1.0,0.0,,17.0,,492.0,,,,,e297cd13,d07537b9,1,67.0,0.0,1.0,0.0,0.0,1.0,0.0,1.0,0.0,29.0,1.0,0.0,1.0,0.0,0.0,1.0,1.0,1.0,18.0,24.0,75.0,1.0,14.0,0.0,1.0,1.0,2024-01-30,,,,,,,,,,,,,,,,,,,,,,,,,,,,,,,,,,2.549999952316284
Thomas Kaminski,GK,12,5.0,0,0,25,1,0.0,1caa93a5,0.0,0.0,0.0,0.88,214,0,0,1.9,19.2,2024-01-30 19:45:00+00:00,90,5,0,0,0,0,22,2,38055,1,0,4,0.0,6,514,3338,2824,45,1,0,22,2023-24,,,0.05,2.4,1.9,,,,1.0,48.0,38.0,,3.9,0.0,78.0,0.0,e297cd13,d07537b9,1,90.0,,,,,,,,,,,,,,,,,,,,,,,,,,2024-01-30,2.0,0.0,2.0,100.0,1.0,0.7,0.0,0.0,0.0,0.0,7.0,29.0,24.1,42.0,8.0,59.5,41.1,6.0,66.7,44.2,5.0,0.0,0.0,3.0,24.0,,,,,,,,,3.5299999713897705
Tahith Chong,MID,12,0.5,0,0,1,0,1.6,2696b6a9,0.0,0.04,0.04,0.52,214,0,0,0.6,2.2,2024-01-30 19:45:00+00:00,19,5,0,0,0,0,22,0,7633,0,0,4,2.0,1,-169,169,338,47,1,0,22,2023-24,0.0,0.05,,1.2,,37.5,0.0,1.0,,24.0,,750.0,,,,,e297cd13,d07537b9,0,20.0,0.0,0.0,0.0,0.0,1.0,0.0,0.0,0.0,11.0,1.0,0.0,1.0,0.0,0.0,0.0,0.0,0.0,5.0,5.0,100.0,1.0,5.0,0.0,2.0,0.0,2024-01-30,,,,,,,,,,,,,,,,,,,,,,,,,,,,,,,,,,1.3799999952316284
Lewis Dunk,DEF,5,3.5,0,0,14,0,0.1,282f75f3,0.01,0.01,0.0,2.89,214,4,0,3.2,29.6,2024-01-30 19:45:00+00:00,90,12,0,0,0,0,22,0,298940,1,0,4,2.0,0,7525,12853,5328,50,0,0,22,2023-24,0.0,0.047619047619047616,0.047619047619047616,1.380952380952381,1.3333333333333333,71.71428571428571,0.0,1.0,1.0,29.0,28.0,1506.0,,,,,d07537b9,e297cd13,Y*,90.0,0.0,0.0,0.0,0.0,0.0,0.0,0.0,0.0,65.0,1.0,0.0,4.0,0.0,0.0,0.0,1.0,0.0,50.0,59.0,84.7,1.0,27.0,1.0,0.0,0.0,2024-01-30,,,,,,,,,,,,,,,,,,,,,,,,,,,,,,,,,,3.0299999713897705
Jason Steele,GK,5,6.0,0,0,16,0,0.0,28300a16,0.0,0.0,0.0,2.89,214,4,0,3.6,35.6,2024-01-30 19:45:00+00:00,90,12,0,0,0,0,22,4,232482,1,0,4,0.0,1,18867,23792,4925,42,0,0,22,2023-24,,,0.09523809523809523,1.7619047619047619,0.9047619047619048,,,,2.0,37.0,19.0,,1.380952380952381,0.0,29.0,0.0,d07537b9,e297cd13,1,90.0,,,,,,,,,,,,,,,,,,,,,,,,,,2024-01-30,8.0,4.0,4.0,50.0,0.0,4.4,0.0,0.0,0.0,0.0,1.0,17.0,5.9,40.0,3.0,42.5,36.2,0.0,,,13.0,0.0,0.0,2.0,23.0,,,,,,,,,3.1500000953674316
Luke Berry,MID,12,0.5,0,0,3,0,0.3,2aaadf33,0.0,0.0,0.0,0.0,214,0,0,0.1,0.2,2024-01-30 19:45:00+00:00,8,5,0,0,0,0,22,0,2909,0,0,4,0.0,1,-14,31,45,46,1,0,22,2023-24,0.0,0.0,,0.15,,1.5,0.0,0.0,,3.0,,30.0,,,,,e297cd13,d07537b9,0,9.0,0.0,0.0,0.0,0.0,0.0,0.0,0.0,0.0,5.0,0.0,0.0,1.0,0.0,0.0,0.0,0.0,0.0,2.0,3.0,66.7,0.0,2.0,0.0,0.0,0.0,2024-01-30,,,,,,,,,,,,,,,,,,,,,,,,,,,,,,,,,,0.30000001192092896
Carlton Morris,FWD,12,5.5,1,0,14,1,11.2,2da834f1,0.01,0.52,0.51,0.88,214,0,0,8.1,18.6,2024-01-30 19:45:00+00:00,82,5,0,0,0,0,22,0,196296,1,0,4,51.0,5,-3721,11998,15719,50,1,0,22,2023-24,0.2,0.2,,3.5,,63.15,4.0,4.0,,70.0,,1263.0,,,,,e297cd13,d07537b9,Y*,81.0,0.0,1.0,0.0,0.0,4.0,2.0,0.0,0.0,29.0,0.0,0.0,0.0,0.3,0.3,0.4,3.0,1.0,12.0,20.0,60.0,0.0,17.0,3.0,1.0,1.0,2024-01-30,,,,,,,,,,,,,,,,,,,,,,,,,,,,,,,,,,3.140000104904175
James Milner,MID,5,2.5,0,0,4,0,10.5,2f90f6b8,0.01,0.09,0.08,1.38,214,2,0,1.9,1.2,2024-01-30 19:45:00+00:00,19,12,0,0,0,0,22,0,13202,1,0,4,7.0,1,151,493,342,48,0,0,22,2023-24,0.09523809523809523,0.0,,1.2857142857142858,,35.76190476190476,2.0,0.0,,27.0,,751.0,,,,,d07537b9,e297cd13,1,19.0,0.0,0.0,0.0,0.0,1.0,0.0,0.0,0.0,7.0,0.0,0.0,0.0,0.1,0.1,0.0,1.0,0.0,3.0,6.0,50.0,0.0,2.0,1.0,0.0,0.0,2024-01-30,,,,,,,,,,,,,,,,,,,,,,,,,,,,,,,,,,2.5299999713897705
Amari'i Bell,DEF,12,3.5,0,0,24,1,1.7,399e9474,0.0,0.0,0.0,0.88,214,0,0,2.1,19.6,2024-01-30 19:45:00+00:00,90,5,0,0,0,0,22,0,337549,1,0,4,0.0,6,-469,10667,11136,39,1,0,22,2023-24,0.0,0.0,0.05,1.2,1.4,63.25,0.0,0.0,1.0,24.0,28.0,1265.0,,,,,e297cd13,d07537b9,1,90.0,0.0,0.0,0.0,0.0,0.0,0.0,0.0,0.0,58.0,0.0,2.0,3.0,0.0,0.0,0.0,0.0,0.0,38.0,47.0,80.9,5.0,26.0,2.0,2.0,2.0,2024-01-30,,,,,,,,,,,,,,,,,,,,,,,,,,,,,,,,,,2.0999999046325684
Ross Barkley,MID,12,3.5,1,0,30,1,56.4,3a24769f,0.37,0.41,0.04,0.88,214,0,0,9.7,39.0,2024-01-30 19:45:00+00:00,81,5,0,0,0,0,22,0,33859,1,0,4,2.0,6,-3122,4798,7920,49,1,0,22,2023-24,0.1,0.1,,2.15,,58.15,2.0,2.0,,43.0,,1163.0,,,,,e297cd13,d07537b9,1,81.0,0.0,1.0,0.0,0.0,1.0,0.0,0.0,0.0,49.0,2.0,1.0,0.0,0.0,0.0,0.6,9.0,1.0,29.0,34.0,85.3,4.0,25.0,2.0,6.0,3.0,2024-01-30,,,,,,,,,,,,,,,,,,,,,,,,,,,,,,,,,,3.2699999809265137
Evan Ferguson,FWD,5,1.5,0,0,1,0,0.0,4596da74,0.0,0.0,0.0,0.87,214,1,0,0.2,2.4,2024-01-30 19:45:00+00:00,45,12,0,0,0,0,22,0,534601,0,0,4,0.0,1,-25757,9850,35607,59,0,0,22,2023-24,0.047619047619047616,0.2857142857142857,,2.761904761904762,,46.76190476190476,1.0,6.0,,58.0,,982.0,,,,,d07537b9,e297cd13,0,45.0,0.0,0.0,0.0,0.0,0.0,0.0,0.0,0.0,18.0,1.0,0.0,0.0,0.0,0.0,0.0,0.0,0.0,8.0,13.0,61.5,1.0,10.0,0.0,0.0,0.0,2024-01-30,,,,,,,,,,,,,,,,,,,,,,,,,,,,,,,,,,1.9600000381469727
Facundo Buonanotte,MID,5,2.5,0,0,-2,0,13.0,468a7a91,0.04,0.04,0.0,2.02,214,3,0,2.3,10.4,2024-01-30 19:45:00+00:00,45,12,0,0,0,0,22,0,6096,1,0,4,0.0,1,1204,1616,412,47,0,0,22,2023-24,0.047619047619047616,0.047619047619047616,,1.0952380952380953,,26.857142857142858,1.0,1.0,,23.0,,564.0,,,,,d07537b9,e297cd13,1,45.0,0.0,0.0,0.0,0.0,0.0,0.0,0.0,0.0,25.0,3.0,0.0,1.0,0.0,0.0,0.1,2.0,0.0,7.0,14.0,50.0,1.0,12.0,0.0,2.0,0.0,2024-01-30,,,,,,,,,,,,,,,,,,,,,,,,,,,,,,,,,,2.369999885559082
Benicio Baker-Boaitey,MID,5,1.0,0,0,0,0,0.0,4c5835e6,0.0,0.0,0.0,0.0,214,0,0,0.0,0.0,2024-01-30 19:45:00+00:00,0,12,0,0,0,0,22,0,406,0,0,4,0.0,0,-7,34,41,45,0,0,22,2023-24,0.0,0.0,,0.3,,1.3,0.0,0.0,,3.0,,13.0,,,,,d07537b9,e297cd13,0,0.0,0.0,0.0,0.0,0.0,0.0,0.0,0.0,0.0,0.0,0.0,0.0,0.0,0.0,0.0,0.0,0.0,0.0,0.0,0.0,0.0,0.0,0.0,0.0,0.0,0.0,2024-01-30,,,,,,,,,,,,,,,,,,,,,,,,,,,,,,,,,,0.2800000011920929
Jan Paul van Hecke,DEF,5,3.5,0,0,17,0,0.6,4fd08daa,0.01,0.01,0.0,2.89,214,4,0,2.6,23.4,2024-01-30 19:45:00+00:00,90,12,0,0,0,0,22,0,274444,1,0,4,2.0,0,41133,50480,9347,40,0,0,22,2023-24,0.0,0.0,0.09523809523809523,1.6666666666666667,0.8095238095238095,61.333333333333336,0.0,0.0,2.0,35.0,17.0,1288.0,,,,,d07537b9,e297cd13,1,90.0,0.0,0.0,0.0,0.0,0.0,0.0,0.0,0.0,66.0,2.0,0.0,3.0,0.0,0.0,0.0,1.0,0.0,37.0,53.0,69.8,3.0,34.0,1.0,3.0,2.0,2024-01-30,,,,,,,,,,,,,,,,,,,,,,,,,,,,,,,,,,2.9200000762939453
Chiedozie Ogbene,FWD,12,4.5,0,2,33,1,16.0,788c0277,0.09,1.17,1.08,0.88,214,0,1,12.0,45.0,2024-01-30 19:45:00+00:00,90,5,0,0,0,0,22,0,13910,1,0,4,59.0,8,-623,306,929,49,1,0,22,2023-24,0.05,0.05,,1.9,,54.9,1.0,1.0,,38.0,,1098.0,,,,,e297cd13,d07537b9,1,90.0,1.0,0.0,0.0,0.0,3.0,2.0,0.0,0.0,47.0,0.0,0.0,1.0,1.1,1.1,0.1,4.0,2.0,27.0,37.0,73.0,3.0,26.0,3.0,6.0,3.0,2024-01-30,,,,,,,,,,,,,,,,,,,,,,,,,,,,,,,,,,3.4100000858306885
Jordan Clark,MID,12,1.5,0,0,2,1,15.8,7c5fa6cf,0.05,0.26,0.21,0.36,214,0,0,5.9,14.8,2024-01-30 19:45:00+00:00,67,5,0,0,0,0,22,0,638,1,0,4,28.0,2,8,32,24,48,1,1,22,2023-24,0.0,0.0,,0.3,,7.6,0.0,0.0,,6.0,,152.0,,,,,e297cd13,d07537b9,1,67.0,0.0,0.0,0.0,0.0,2.0,1.0,1.0,0.0,39.0,3.0,1.0,2.0,0.1,0.1,0.1,3.0,0.0,16.0,24.0,66.7,3.0,17.0,1.0,5.0,2.0,2024-01-30,,,,,,,,,,,,,,,,,,,,,,,,,,,,,,,,,,1.2999999523162842
Pascal Groß,MID,5,3.0,0,0,9,0,28.2,8aec0537,0.2,0.29,0.09,2.89,214,4,0,5.3,18.8,2024-01-30 19:45:00+00:00,90,12,0,0,0,0,22,0,680763,1,0,4,6.0,2,-17408,49897,67305,65,0,0,22,2023-24,0.2857142857142857,0.14285714285714285,,4.0476190476190474,,78.14285714285714,6.0,3.0,,85.0,,1641.0,,,,,d07537b9,e297cd13,1,90.0,0.0,0.0,0.0,0.0,2.0,0.0,0.0,0.0,92.0,7.0,1.0,1.0,0.1,0.1,0.2,2.0,0.0,60.0,79.0,75.9,4.0,48.0,1.0,1.0,0.0,2024-01-30,,,,,,,,,,,,,,,,,,,,,,,,,,,,,,,,,,4.309999942779541
Adam Lallana,MID,5,1.0,0,0,0,0,0.0,99813635,0.0,0.0,0.0,0.0,214,0,0,0.0,0.0,2024-01-30 19:45:00+00:00,0,12,0,0,0,0,22,0,4957,0,0,4,0.0,0,-16,137,153,49,0,0,22,2023-24,0.047619047619047616,0.0,,0.9047619047619048,,24.476190476190474,1.0,0.0,,19.0,,514.0,,,,,d07537b9,e297cd13,0,0.0,0.0,0.0,0.0,0.0,0.0,0.0,0.0,0.0,0.0,0.0,0.0,0.0,0.0,0.0,0.0,0.0,0.0,0.0,0.0,0.0,0.0,0.0,0.0,0.0,0.0,2024-01-30,,,,,,,,,,,,,,,,,,,,,,,,,,,,,,,,,,1.559999942779541
Carlos Baleba,MID,5,0.5,0,0,0,0,1.3,a1390d2f,0.01,0.01,0.0,0.39,214,0,0,0.3,1.6,2024-01-30 19:45:00+00:00,29,12,0,0,0,0,22,0,5431,0,0,4,0.0,0,-362,71,433,45,0,1,22,2023-24,0.0,0.0,,0.7222222222222222,,30.555555555555557,0.0,0.0,,13.0,,550.0,,,,,d07537b9,e297cd13,0,30.0,0.0,0.0,0.0,0.0,0.0,0.0,1.0,0.0,22.0,1.0,2.0,0.0,0.0,0.0,0.0,1.0,0.0,13.0,18.0,72.2,2.0,15.0,2.0,1.0,1.0,2024-01-30,,,,,,,,,,,,,,,,,,,,,,,,,,,,,,,,,,0.5
Igor Julio dos Santos de Paulo,DEF,5,0.0,0,0,10,0,0.8,a4e85758,0.0,0.0,0.0,2.89,214,4,0,1.6,15.0,2024-01-30 19:45:00+00:00,90,12,0,0,0,0,22,0,11630,1,0,4,0.0,-1,-458,109,567,43,0,1,22,2023-24,0.0,0.0,0.0,0.6190476190476191,0.5714285714285714,33.42857142857143,0.0,0.0,0.0,13.0,12.0,702.0,,,,,d07537b9,e297cd13,1,90.0,0.0,0.0,0.0,0.0,0.0,0.0,1.0,0.0,79.0,2.0,1.0,1.0,0.0,0.0,0.0,2.0,0.0,62.0,73.0,84.9,2.0,48.0,1.0,0.0,0.0,2024-01-30,,,,,,,,,,,,,,,,,,,,,,,,,,,,,,,,,,1.7799999713897705
Reece Burke,DEF,12,2.5,0,0,25,1,0.3,a681b7b7,0.0,0.02,0.02,0.88,214,0,0,1.7,15.0,2024-01-30 19:45:00+00:00,90,5,0,0,0,0,22,0,8934,1,0,4,2.0,6,-105,220,325,40,1,0,22,2023-24,0.05,0.0,0.0,0.65,0.6,29.75,1.0,0.0,0.0,13.0,12.0,595.0,,,,,e297cd13,d07537b9,1,90.0,0.0,0.0,0.0,0.0,1.0,0.0,0.0,0.0,42.0,4.0,1.0,1.0,0.0,0.0,0.0,1.0,0.0,15.0,30.0,50.0,0.0,13.0,0.0,1.0,1.0,2024-01-30,,,,,,,,,,,,,,,,,,,,,,,,,,,,,,,,,,1.3300000429153442
Pelly Ruddock Mpanzu,MID,12,0.0,0,0,1,0,0.4,a9b1c319,0.0,0.0,0.0,0.52,214,0,0,0.1,0.2,2024-01-30 19:45:00+00:00,22,5,0,0,0,0,22,0,3444,0,0,4,0.0,1,-64,52,116,47,1,0,22,2023-24,0.0,0.0,,1.2,,36.2,0.0,0.0,,24.0,,724.0,,,,,e297cd13,d07537b9,0,23.0,0.0,0.0,0.0,0.0,0.0,0.0,0.0,0.0,13.0,0.0,0.0,1.0,0.0,0.0,0.0,0.0,0.0,6.0,10.0,60.0,0.0,9.0,0.0,1.0,0.0,2024-01-30,,,,,,,,,,,,,,,,,,,,,,,,,,,,,,,,,,0.550000011920929
Andros Townsend,MID,12,1.0,0,0,3,0,0.2,b28bbd58,0.0,0.0,0.0,0.52,214,0,0,0.1,1.2,2024-01-30 19:45:00+00:00,22,5,0,0,0,0,22,0,18473,0,0,4,0.0,1,-5210,1603,6813,50,1,0,22,2023-24,0.25,0.08333333333333333,,3.4166666666666665,,56.666666666666664,3.0,1.0,,41.0,,680.0,,,,,e297cd13,d07537b9,0,23.0,0.0,0.0,0.0,0.0,0.0,0.0,0.0,0.0,11.0,0.0,0.0,1.0,0.0,0.0,0.0,0.0,0.0,5.0,7.0,71.4,1.0,4.0,0.0,1.0,0.0,2024-01-30,,,,,,,,,,,,,,,,,,,,,,,,,,,,,,,,,,3.049999952316284
Alfie Doughty,DEF,12,5.0,0,0,23,1,20.9,bf33b257,0.07,0.07,0.0,0.88,214,0,0,3.7,11.8,2024-01-30 19:45:00+00:00,90,5,0,0,0,0,22,0,470239,1,0,4,4.0,6,64150,83623,19473,45,1,0,22,2023-24,0.3,0.05,0.05,3.15,1.45,70.25,6.0,1.0,1.0,63.0,29.0,1405.0,,,,,e297cd13,d07537b9,1,90.0,0.0,0.0,0.0,0.0,0.0,0.0,0.0,0.0,78.0,3.0,0.0,1.0,0.0,0.0,0.1,1.0,0.0,47.0,67.0,70.1,1.0,24.0,2.0,1.0,1.0,2024-01-30,,,,,,,,,,,,,,,,,,,,,,,,,,,,,,,,,,3.2799999713897705
Adam Webster,DEF,5,0.5,0,0,0,0,0.0,c40b6180,0.0,0.0,0.0,0.0,214,0,0,0.0,0.0,2024-01-30 19:45:00+00:00,0,12,0,0,0,0,22,0,16538,0,0,4,0.0,0,342,707,365,42,0,0,22,2023-24,0.0,0.0,0.047619047619047616,0.5238095238095238,0.6190476190476191,30.047619047619047,0.0,0.0,1.0,11.0,13.0,631.0,,,,,d07537b9,e297cd13,0,0.0,0.0,0.0,0.0,0.0,0.0,0.0,0.0,0.0,0.0,0.0,0.0,0.0,0.0,0.0,0.0,0.0,0.0,0.0,0.0,0.0,0.0,0.0,0.0,0.0,0.0,2024-01-30,,,,,,,,,,,,,,,,,,,,,,,,,,,,,,,,,,1.190000057220459
Gabriel Osho,DEF,12,4.0,0,1,31,1,0.4,cd889153,0.01,0.01,0.0,0.88,214,0,0,1.7,14.6,2024-01-30 19:45:00+00:00,90,5,0,0,0,0,22,0,3818,1,0,4,2.0,7,-302,389,691,44,1,0,22,2023-24,0.0,0.05,0.05,1.1,0.9,43.3,0.0,1.0,1.0,22.0,18.0,866.0,,,,,e297cd13,d07537b9,1,90.0,0.0,0.0,0.0,0.0,0.0,0.0,0.0,0.0,51.0,3.0,1.0,4.0,0.0,0.0,0.0,0.0,0.0,29.0,38.0,76.3,5.0,15.0,0.0,3.0,1.0,2024-01-30,,,,,,,,,,,,,,,,,,,,,,,,,,,,,,,,,,2.069999933242798
Danny Welbeck,FWD,5,2.5,0,0,3,0,4.8,ce5143da,0.02,0.45,0.43,2.89,214,4,0,6.6,7.4,2024-01-30 19:45:00+00:00,90,12,0,0,0,0,22,0,71962,1,0,4,54.0,2,1303,3946,2643,57,0,0,22,2023-24,0.047619047619047616,0.09523809523809523,,1.5714285714285714,,31.476190476190474,1.0,2.0,,33.0,,661.0,,,,,d07537b9,e297cd13,1,90.0,0.0,0.0,0.0,0.0,3.0,2.0,0.0,0.0,42.0,1.0,0.0,1.0,0.4,0.4,0.0,2.0,0.0,24.0,32.0,75.0,1.0,26.0,1.0,1.0,1.0,2024-01-30,,,,,,,,,,,,,,,,,,,,,,,,,,,,,,,,,,3.2899999618530273
Bart Verbruggen,GK,5,0.5,0,0,0,0,0.0,cf134113,0.0,0.0,0.0,0.0,214,0,0,0.0,0.0,2024-01-30 19:45:00+00:00,0,12,0,0,0,0,22,0,38474,0,0,4,0.0,0,-83,1077,1160,44,0,0,22,2023-24,,,0.0,0.9523809523809523,0.6666666666666666,,,,0.0,20.0,14.0,,1.2380952380952381,0.0,26.0,0.0,d07537b9,e297cd13,0,0.0,,,,,,,,,,,,,,,,,,,,,,,,,,2024-01-30,0.0,0.0,0.0,0.0,0.0,0.0,0.0,0.0,0.0,0.0,0.0,0.0,0.0,0.0,0.0,0.0,0.0,0.0,0.0,0.0,0.0,0.0,0.0,0.0,0.0,,,,,,,,,0.46000000834465027
Cauley Woodrow,FWD,12,0.0,0,0,1,0,0.6,d3085b49,0.0,0.03,0.03,0.0,214,0,0,0.2,0.0,2024-01-30 19:45:00+00:00,7,5,0,0,0,0,22,0,59576,0,0,4,2.0,1,-2227,1246,3473,43,1,0,22,2023-24,0.0,0.0,,0.4,,3.75,0.0,0.0,,8.0,,75.0,,,,,e297cd13,d07537b9,0,9.0,0.0,0.0,0.0,0.0,1.0,0.0,0.0,0.0,7.0,0.0,0.0,1.0,0.0,0.0,0.0,1.0,0.0,3.0,4.0,75.0,0.0,5.0,0.0,0.0,0.0,2024-01-30,,,,,,,,,,,,,,,,,,,,,,,,,,,,,,,,,,0.23999999463558197
Pervis Estupiñán,DEF,5,4.5,0,0,7,0,2.1,d38fdf53,0.01,0.01,0.0,2.02,214,3,0,0.8,5.8,2024-01-30 19:45:00+00:00,45,12,0,0,0,0,22,0,3093056,1,0,4,0.0,0,387477,402522,15045,51,0,0,22,2023-24,0.14285714285714285,0.09523809523809523,0.09523809523809523,2.142857142857143,0.5714285714285714,33.38095238095238,3.0,2.0,2.0,45.0,12.0,701.0,,,,,d07537b9,e297cd13,1,45.0,0.0,0.0,0.0,0.0,0.0,0.0,0.0,0.0,36.0,0.0,0.0,1.0,0.0,0.0,0.0,1.0,0.0,24.0,31.0,77.4,2.0,19.0,0.0,1.0,1.0,2024-01-30,,,,,,,,,,,,,,,,,,,,,,,,,,,,,,,,,,3.2300000190734863
Joseph Johnson,DEF,12,-0.5,0,0,0,0,0.0,d9e7c4da,0.0,0.0,0.0,0.0,214,0,0,0.0,0.0,2024-01-30 19:45:00+00:00,0,5,0,0,0,0,22,0,4646,0,0,4,0.0,0,-65,102,167,40,1,0,22,2023-24,0.0,0.0,0.0,0.0,0.0,0.0,0.0,0.0,0.0,0.0,0.0,0.0,,,,,e297cd13,d07537b9,0,0.0,0.0,0.0,0.0,0.0,0.0,0.0,0.0,0.0,0.0,0.0,0.0,0.0,0.0,0.0,0.0,0.0,0.0,0.0,0.0,0.0,0.0,0.0,0.0,0.0,0.0,2024-01-30,,,,,,,,,,,,,,,,,,,,,,,,,,,,,,,,,,0.029999999329447746
Zack Nelson,MID,12,-0.5,0,0,0,0,0.0,de0abf23,0.0,0.0,0.0,0.0,214,0,0,0.0,0.0,2024-01-30 19:45:00+00:00,0,5,0,0,0,0,22,0,479,0,0,4,0.0,0,9,59,50,45,1,0,22,2023-24,0.0,0.0,,0.0,,0.0,0.0,0.0,,0.0,,0.0,,,,,e297cd13,d07537b9,0,0.0,0.0,0.0,0.0,0.0,0.0,0.0,0.0,0.0,0.0,0.0,0.0,0.0,0.0,0.0,0.0,0.0,0.0,0.0,0.0,0.0,0.0,0.0,0.0,0.0,0.0,2024-01-30,,,,,,,,,,,,,,,,,,,,,,,,,,,,,,,,,,-0.05000000074505806
Billy Gilmour,MID,5,3.0,0,0,13,0,2.9,df10e27c,0.01,0.03,0.02,2.5,214,4,0,1.0,6.0,2024-01-30 19:45:00+00:00,60,12,0,0,0,0,22,0,33878,1,0,4,1.0,2,-273,1442,1715,49,0,0,22,2023-24,0.14285714285714285,0.0,,2.238095238095238,,65.0,3.0,0.0,,47.0,,1365.0,,,,,d07537b9,e297cd13,1,60.0,0.0,0.0,0.0,0.0,1.0,0.0,0.0,0.0,60.0,1.0,0.0,1.0,0.0,0.0,0.0,1.0,0.0,51.0,56.0,91.1,3.0,34.0,0.0,0.0,0.0,2024-01-30,,,,,,,,,,,,,,,,,,,,,,,,,,,,,,,,,,3.0899999141693115
João Pedro Junqueira de Jesus,FWD,5,2.5,0,0,6,0,27.5,e8832875,0.16,0.27,0.11,2.5,214,4,0,5.2,15.2,2024-01-30 19:45:00+00:00,70,12,0,0,0,0,22,0,1526602,1,0,4,9.0,2,93018,167283,74265,55,0,0,22,2023-24,0.09523809523809523,0.3333333333333333,,3.4761904761904763,,58.476190476190474,2.0,7.0,,73.0,,1228.0,,,,,d07537b9,e297cd13,1,70.0,0.0,0.0,0.0,0.0,1.0,0.0,0.0,0.0,43.0,3.0,0.0,2.0,0.1,0.1,0.1,1.0,0.0,21.0,26.0,80.8,2.0,28.0,2.0,5.0,3.0,2024-01-30,,,,,,,,,,,,,,,,,,,,,,,,,,,,,,,,,,4.039999961853027
Jack Hinshelwood,MID,5,3.0,0,0,10,0,1.2,e98211e7,0.0,0.0,0.0,1.51,214,2,0,1.0,6.6,2024-01-30 19:45:00+00:00,70,12,0,0,0,0,22,0,14793,0,0,4,2.0,2,937,3064,2127,45,0,0,22,2023-24,0.0,0.09523809523809523,,1.5714285714285714,,33.61904761904762,0.0,2.0,,33.0,,706.0,,,,,d07537b9,e297cd13,0,71.0,0.0,0.0,0.0,0.0,0.0,0.0,0.0,0.0,55.0,1.0,1.0,2.0,0.0,0.0,0.0,0.0,0.0,39.0,49.0,79.6,0.0,22.0,2.0,0.0,0.0,2024-01-30,,,,,,,,,,,,,,,,,,,,,,,,,,,,,,,,,,2.990000009536743
Jakub Moder,MID,5,1.0,0,0,3,0,0.2,f230bc30,0.02,0.02,0.0,0.39,214,0,0,0.7,6.4,2024-01-30 19:45:00+00:00,19,12,0,0,0,0,22,0,6504,0,0,4,0.0,1,-104,86,190,44,0,0,22,2023-24,0.0,0.0,,0.19047619047619047,,3.0,0.0,0.0,,4.0,,63.0,,,,,d07537b9,e297cd13,0,20.0,0.0,0.0,0.0,0.0,0.0,0.0,0.0,0.0,17.0,3.0,0.0,0.0,0.0,0.0,0.0,0.0,0.0,8.0,13.0,61.5,1.0,10.0,0.0,0.0,0.0,2024-01-30,,,,,,,,,,,,,,,,,,,,,,,,,,,,,,,,,,0.8199999928474426
Tariq Lamptey,DEF,5,1.5,0,0,-2,0,0.8,f4e433d4,0.01,0.18,0.17,0.87,214,1,0,0.5,0.0,2024-01-30 19:45:00+00:00,45,12,0,0,0,0,22,0,402875,0,0,4,7.0,1,-9181,4900,14081,39,0,0,22,2023-24,0.09523809523809523,0.0,0.0,0.47619047619047616,0.2857142857142857,9.333333333333334,2.0,0.0,0.0,10.0,6.0,196.0,,,,,d07537b9,e297cd13,0,45.0,0.0,0.0,0.0,0.0,1.0,0.0,0.0,0.0,19.0,0.0,0.0,0.0,0.3,0.3,0.0,1.0,0.0,10.0,15.0,66.7,0.0,8.0,0.0,0.0,0.0,2024-01-30,,,,,,,,,,,,,,,,,,,,,,,,,,,,,,,,,,0.6200000047683716
